"row.names","game_pk","game_date","index","startTime","endTime","isPitch","type","playId","pitchNumber","details.description","details.event","details.awayScore","details.homeScore","details.isScoringPlay","details.hasReview","details.code","details.ballColor","details.isInPlay","details.isStrike","details.isBall","details.call.code","details.call.description","count.balls.start","count.strikes.start","count.outs.start","player.id","player.link","pitchData.strikeZoneTop","pitchData.strikeZoneBottom","details.fromCatcher","pitchData.coordinates.x","pitchData.coordinates.y","hitData.trajectory","hitData.hardness","hitData.location","hitData.coordinates.coordX","hitData.coordinates.coordY","actionPlayId","details.eventType","details.runnerGoing","position.code","position.name","position.type","position.abbreviation","battingOrder","atBatIndex","result.type","result.event","result.eventType","result.description","result.rbi","result.awayScore","result.homeScore","about.atBatIndex","about.halfInning","about.inning","about.startTime","about.endTime","about.isComplete","about.isScoringPlay","about.hasReview","about.hasOut","about.captivatingIndex","count.balls.end","count.strikes.end","count.outs.end","matchup.batter.id","matchup.batter.fullName","matchup.batter.link","matchup.batSide.code","matchup.batSide.description","matchup.pitcher.id","matchup.pitcher.fullName","matchup.pitcher.link","matchup.pitchHand.code","matchup.pitchHand.description","matchup.splits.batter","matchup.splits.pitcher","matchup.splits.menOnBase","batted.ball.result","home_team","home_level_id","home_level_name","home_parentOrg_id","home_parentOrg_name","home_league_id","home_league_name","away_team","away_level_id","away_level_name","away_parentOrg_id","away_parentOrg_name","away_league_id","away_league_name","batting_team","fielding_team","last.pitch.of.ab","pfxId","details.trailColor","details.type.code","details.type.description","pitchData.startSpeed","pitchData.endSpeed","pitchData.zone","pitchData.typeConfidence","pitchData.plateTime","pitchData.extension","pitchData.coordinates.aY","pitchData.coordinates.aZ","pitchData.coordinates.pfxX","pitchData.coordinates.pfxZ","pitchData.coordinates.pX","pitchData.coordinates.pZ","pitchData.coordinates.vX0","pitchData.coordinates.vY0","pitchData.coordinates.vZ0","pitchData.coordinates.x0","pitchData.coordinates.y0","pitchData.coordinates.z0","pitchData.coordinates.aX","pitchData.breaks.breakAngle","pitchData.breaks.breakLength","pitchData.breaks.breakY","pitchData.breaks.spinRate","pitchData.breaks.spinDirection","hitData.launchSpeed","hitData.launchAngle","hitData.totalDistance","injuryType","umpire.id","umpire.link","about.isTopInning","matchup.postOnFirst.id","matchup.postOnFirst.fullName","matchup.postOnFirst.link","matchup.postOnSecond.id","matchup.postOnSecond.fullName","matchup.postOnSecond.link","matchup.postOnThird.id","matchup.postOnThird.fullName","matchup.postOnThird.link","reviewDetails.isOverturned.x","reviewDetails.reviewType.x","reviewDetails.challengeTeamId.x","base","reviewDetails.isOverturned.y","reviewDetails.reviewType.y","reviewDetails.challengeTeamId.y","reviewDetails.isOverturned","reviewDetails.reviewType","reviewDetails.challengeTeamId","season"
"1",502128.0,"2017-03-31",0,"2017-03-31T02:49:13.000Z","2017-03-31T02:49:18.000Z",true,pitch,"05021286-0756-0013-000c-f08cd117d70a",1,"In play, out(s)",,,,,false,X,"rgba(26, 86, 190, 1.0)",true,false,false,X,Hit Into Play - Out(s),0,0,,,,3.359,1.7,,130.33,86.52,ground_ball,medium,"6",113.15,149.59,,,,,,,,,"74",atBat,Groundout,field_out,"Luis Cruz grounds out, shortstop Paul DeJong to first baseman Jose Martinez.",0,9,3,74,bottom,9,"2017-03-31T02:48:29.000Z","2017-03-31T02:49:18.000Z",true,false,false,true,0,0,0,3,606133,Luis Cruz,/api/v1/people/606133,R,Right,462515,Miguel Socolovich,/api/v1/people/462515,R,Right,vs_RHP,vs_RHB,Empty,,Memphis Redbirds,11,Triple-A,138,St. Louis Cardinals,112,Pacific Coast League,St. Louis Cardinals,1,Major League Baseball,,,104,National League,Memphis Redbirds,St. Louis Cardinals,true,,,,,,,,,,,,,,,,,,,,,,,,,,,,,,,,,,,false,,,,,,,,,,,,,,,,,,,,2017.0
"2",502128.0,"2017-03-31",2,"2017-03-31T02:48:25.000Z","2017-03-31T02:48:28.000Z",true,pitch,"05021286-0746-0033-000c-f08cd117d70a",3,Called Strike,,,,,false,C,"rgba(170, 21, 11, 1.0)",false,true,false,C,Strike - Called,0,3,,,,3.359,1.7,,126.34,92.02,,,,,,,,,,,,,,"73",atBat,Strikeout,strikeout,Todd Cunningham called out on strikes.,0,9,3,73,bottom,9,"2017-03-31T02:46:37.000Z","2017-03-31T02:48:28.000Z",true,false,false,true,14,0,3,2,592239,Todd Cunningham,/api/v1/people/592239,L,Left,462515,Miguel Socolovich,/api/v1/people/462515,R,Right,vs_RHP,vs_LHB,Empty,,Memphis Redbirds,11,Triple-A,138,St. Louis Cardinals,112,Pacific Coast League,St. Louis Cardinals,1,Major League Baseball,,,104,National League,Memphis Redbirds,St. Louis Cardinals,true,,,,,,,,,,,,,,,,,,,,,,,,,,,,,,,,,,,false,,,,,,,,,,,,,,,,,,,,2017.0
"3",502128.0,"2017-03-31",1,"2017-03-31T02:48:10.000Z","2017-03-31T02:48:25.000Z",true,pitch,"05021286-0746-0023-000c-f08cd117d70a",2,Called Strike,,,,,false,C,"rgba(170, 21, 11, 1.0)",false,true,false,C,Strike - Called,0,2,,,,3.359,1.7,,122.36,57.79,,,,,,,,,,,,,,"73",atBat,Strikeout,strikeout,Todd Cunningham called out on strikes.,0,9,3,73,bottom,9,"2017-03-31T02:46:37.000Z","2017-03-31T02:48:28.000Z",true,false,false,true,14,0,3,2,592239,Todd Cunningham,/api/v1/people/592239,L,Left,462515,Miguel Socolovich,/api/v1/people/462515,R,Right,vs_RHP,vs_LHB,Empty,,Memphis Redbirds,11,Triple-A,138,St. Louis Cardinals,112,Pacific Coast League,St. Louis Cardinals,1,Major League Baseball,,,104,National League,Memphis Redbirds,St. Louis Cardinals,false,,,,,,,,,,,,,,,,,,,,,,,,,,,,,,,,,,,false,,,,,,,,,,,,,,,,,,,,2017.0
"4",502128.0,"2017-03-31",0,"2017-03-31T02:48:06.000Z","2017-03-31T02:48:10.000Z",true,pitch,"05021286-0746-0013-000c-f08cd117d70a",1,Called Strike,,,,,false,C,"rgba(170, 21, 11, 1.0)",false,true,false,C,Strike - Called,0,1,,,,3.359,1.7,,143.4,87.74,,,,,,,,,,,,,,"73",atBat,Strikeout,strikeout,Todd Cunningham called out on strikes.,0,9,3,73,bottom,9,"2017-03-31T02:46:37.000Z","2017-03-31T02:48:28.000Z",true,false,false,true,14,0,3,2,592239,Todd Cunningham,/api/v1/people/592239,L,Left,462515,Miguel Socolovich,/api/v1/people/462515,R,Right,vs_RHP,vs_LHB,Empty,,Memphis Redbirds,11,Triple-A,138,St. Louis Cardinals,112,Pacific Coast League,St. Louis Cardinals,1,Major League Baseball,,,104,National League,Memphis Redbirds,St. Louis Cardinals,false,,,,,,,,,,,,,,,,,,,,,,,,,,,,,,,,,,,false,,,,,,,,,,,,,,,,,,,,2017.0
"5",502128.0,"2017-03-31",3,"2017-03-31T02:46:34.000Z","2017-03-31T02:46:35.000Z",true,pitch,"05021286-0736-0033-000c-f08cd117d70a",3,Swinging Strike,,,,,false,S,"rgba(170, 21, 11, 1.0)",false,true,false,S,Strike - Swinging,0,3,,,,3.359,1.7,,97.91,96.91,,,,,,,,,,,,,,"72",atBat,Strikeout,strikeout,Patrick Wisdom strikes out swinging.,0,9,3,72,bottom,9,"2017-03-31T02:41:56.000Z","2017-03-31T02:46:35.000Z",true,false,false,true,14,0,3,1,621550,Patrick Wisdom,/api/v1/people/621550,R,Right,462515,Miguel Socolovich,/api/v1/people/462515,R,Right,vs_RHP,vs_RHB,Empty,,Memphis Redbirds,11,Triple-A,138,St. Louis Cardinals,112,Pacific Coast League,St. Louis Cardinals,1,Major League Baseball,,,104,National League,Memphis Redbirds,St. Louis Cardinals,,,,,,,,,,,,,,,,,,,,,,,,,,,,,,,,,,,,false,,,,,,,,,,,,,,,,,,,,2017.0
"6",502128.0,"2017-03-31",2,"2017-03-31T02:46:31.000Z","2017-03-31T02:46:34.000Z",true,pitch,"05021286-0736-0023-000c-f08cd117d70a",2,Swinging Strike,,,,,false,S,"rgba(170, 21, 11, 1.0)",false,true,false,S,Strike - Swinging,0,2,,,,3.359,1.7,,101.33,73.68,,,,,,,,,,,,,,"72",atBat,Strikeout,strikeout,Patrick Wisdom strikes out swinging.,0,9,3,72,bottom,9,"2017-03-31T02:41:56.000Z","2017-03-31T02:46:35.000Z",true,false,false,true,14,0,3,1,621550,Patrick Wisdom,/api/v1/people/621550,R,Right,462515,Miguel Socolovich,/api/v1/people/462515,R,Right,vs_RHP,vs_RHB,Empty,,Memphis Redbirds,11,Triple-A,138,St. Louis Cardinals,112,Pacific Coast League,St. Louis Cardinals,1,Major League Baseball,,,104,National League,Memphis Redbirds,St. Louis Cardinals,,,,,,,,,,,,,,,,,,,,,,,,,,,,,,,,,,,,false,,,,,,,,,,,,,,,,,,,,2017.0
"7",502128.0,"2017-03-31",1,"2017-03-31T02:46:27.000Z","2017-03-31T02:46:31.000Z",true,pitch,"05021286-0736-0013-000c-f08cd117d70a",1,Swinging Strike,,,,,false,S,"rgba(170, 21, 11, 1.0)",false,true,false,S,Strike - Swinging,0,1,,,,3.359,1.7,,122.36,108.53,,,,,,,,,,,,,,"72",atBat,Strikeout,strikeout,Patrick Wisdom strikes out swinging.,0,9,3,72,bottom,9,"2017-03-31T02:41:56.000Z","2017-03-31T02:46:35.000Z",true,false,false,true,14,0,3,1,621550,Patrick Wisdom,/api/v1/people/621550,R,Right,462515,Miguel Socolovich,/api/v1/people/462515,R,Right,vs_RHP,vs_RHB,Empty,,Memphis Redbirds,11,Triple-A,138,St. Louis Cardinals,112,Pacific Coast League,St. Louis Cardinals,1,Major League Baseball,,,104,National League,Memphis Redbirds,St. Louis Cardinals,,,,,,,,,,,,,,,,,,,,,,,,,,,,,,,,,,,,false,,,,,,,,,,,,,,,,,,,,2017.0
"8",502128.0,"2017-03-31",0,"2017-03-31T02:44:10.000Z","2017-03-31T02:46:27.000Z",false,action,,,Pitching Change: Miguel Socolovich replaces Josh Lucas.,Pitching Substitution,9,3,false,false,,,,,,,,0,0,0,462515,/api/v1/people/462515,,,,,,,,,,,,pitching_substitution,,"1",Pitcher,Pitcher,P,,"72",atBat,Strikeout,strikeout,Patrick Wisdom strikes out swinging.,0,9,3,72,bottom,9,"2017-03-31T02:41:56.000Z","2017-03-31T02:46:35.000Z",true,false,false,true,14,0,3,1,621550,Patrick Wisdom,/api/v1/people/621550,R,Right,462515,Miguel Socolovich,/api/v1/people/462515,R,Right,vs_RHP,vs_RHB,Empty,,Memphis Redbirds,11,Triple-A,138,St. Louis Cardinals,112,Pacific Coast League,St. Louis Cardinals,1,Major League Baseball,,,104,National League,Memphis Redbirds,St. Louis Cardinals,,,,,,,,,,,,,,,,,,,,,,,,,,,,,,,,,,,,false,,,,,,,,,,,,,,,,,,,,2017.0
"9",502128.0,"2017-03-31",0,"2017-03-31T02:41:49.000Z","2017-03-31T02:41:53.000Z",true,pitch,"05021286-0726-0013-000c-f08cd117d70a",1,"In play, out(s)",,,,,false,X,"rgba(26, 86, 190, 1.0)",true,false,false,X,Hit Into Play - Out(s),0,0,,,,3.359,1.7,,136.58,106.08,line_drive,medium,"1",123.44,181.05,,,,,,,,,"71",atBat,Lineout,field_out,Eric Fryer lines out to pitcher John Brebbia.,0,9,3,71,top,9,"2017-03-31T02:40:12.000Z","2017-03-31T02:41:53.000Z",true,false,false,true,0,0,0,3,518700,Eric Fryer,/api/v1/people/518700,R,Right,605154,John Brebbia,/api/v1/people/605154,R,Right,vs_RHP,vs_RHB,Empty,,Memphis Redbirds,11,Triple-A,138,St. Louis Cardinals,112,Pacific Coast League,St. Louis Cardinals,1,Major League Baseball,,,104,National League,St. Louis Cardinals,Memphis Redbirds,true,,,,,,,,,,,,,,,,,,,,,,,,,,,,,,,,,,,true,,,,,,,,,,,,,,,,,,,,2017.0
"62235",505513.0,"2017-04-14",1,"2017-04-14T02:27:36.000Z","2017-04-14T02:27:51.000Z",true,pitch,"05055136-0556-0013-000c-f08cd117d70a",1,Ball,,,,,false,B,"rgba(39, 161, 39, 1.0)",false,false,true,B,Ball - Called,1,0,,,,3.359,1.7,,66.07,177.6,,,,,,,,,,,,,,"54",atBat,Flyout,field_out,Shane Robinson flies out to left fielder Jae-Gyun Hwang.,0,0,4,54,bottom,7,"2017-04-14T02:25:35.000Z","2017-04-14T02:28:52.000Z",true,false,false,true,0,3,1,1,453203,Shane Robinson,/api/v1/people/453203,R,Right,596816,Roberto  Gomez,/api/v1/people/596816,R,Right,vs_RHP,vs_RHB,Empty,,Salt Lake Bees,11,Triple-A,108,Los Angeles Angels,112,Pacific Coast League,Sacramento River Cats,11,Triple-A,137,San Francisco Giants,112,Pacific Coast League,Salt Lake Bees,Sacramento River Cats,,,,,,,,,,,,,,,,,,,,,,,,,,,,,,,,,,,,false,,,,,,,,,,,,,,,,,,,,2017.0
"10",502128.0,"2017-03-31",0,"2017-03-31T02:40:06.000Z","2017-03-31T02:40:11.000Z",true,pitch,"05021286-0716-0013-000c-f08cd117d70a",1,"In play, no out",,,,,false,D,"rgba(26, 86, 190, 1.0)",true,false,false,D,Hit Into Play - No Out(s),0,0,,,,3.359,1.7,,134.31,84.07,fly_ball,medium,"7",76.84,74.55,,,,,,,,,"70",atBat,Double,double,Wilfredo Tovar doubles (1) on a fly ball to left fielder Anthony Garcia.,0,9,3,70,top,9,"2017-03-31T02:39:00.000Z","2017-03-31T02:40:11.000Z",true,false,false,false,34,0,0,2,541600,Wilfredo Tovar,/api/v1/people/541600,R,Right,605154,John Brebbia,/api/v1/people/605154,R,Right,vs_RHP,vs_RHB,RISP,,Memphis Redbirds,11,Triple-A,138,St. Louis Cardinals,112,Pacific Coast League,St. Louis Cardinals,1,Major League Baseball,,,104,National League,St. Louis Cardinals,Memphis Redbirds,true,,,,,,,,,,,,,,,,,,,,,,,,,,,,,,,,,,,true,,,,541600,Wilfredo Tovar,/api/v1/people/541600,,,,,,,,,,,,,,2017.0
"11",502128.0,"2017-03-31",0,"2017-03-31T02:38:53.000Z","2017-03-31T02:38:58.000Z",true,pitch,"05021286-0706-0013-000c-f08cd117d70a",1,"In play, out(s)",,,,,false,X,"rgba(26, 86, 190, 1.0)",true,false,false,X,Hit Into Play - Out(s),0,0,,,,3.359,1.7,,112.13,99.36,fly_ball,medium,"8",128.88,64.87,,,,,,,,,"69",atBat,Flyout,field_out,Jose Martinez flies out to center fielder Blake Drake.,0,9,3,69,top,9,"2017-03-31T02:38:24.000Z","2017-03-31T02:38:58.000Z",true,false,false,true,0,0,0,2,500874,Jose Martinez,/api/v1/people/500874,R,Right,605154,John Brebbia,/api/v1/people/605154,R,Right,vs_RHP,vs_RHB,Empty,,Memphis Redbirds,11,Triple-A,138,St. Louis Cardinals,112,Pacific Coast League,St. Louis Cardinals,1,Major League Baseball,,,104,National League,St. Louis Cardinals,Memphis Redbirds,true,,,,,,,,,,,,,,,,,,,,,,,,,,,,,,,,,,,true,,,,,,,,,,,,,,,,,,,,2017.0
"12",502128.0,"2017-03-31",1,"2017-03-31T02:38:15.000Z","2017-03-31T02:38:23.000Z",true,pitch,"05021286-0696-0013-000c-f08cd117d70a",1,"In play, out(s)",,,,,false,X,"rgba(26, 86, 190, 1.0)",true,false,false,X,Hit Into Play - Out(s),0,0,,,,3.359,1.7,,110.99,106.08,fly_ball,medium,"9",188.19,109.65,,,,,,,,,"68",atBat,Flyout,field_out,Paul DeJong flies out to right fielder Tommy Pham.,0,9,3,68,top,9,"2017-03-31T02:33:08.000Z","2017-03-31T02:38:23.000Z",true,false,false,true,0,0,0,1,657557,Paul DeJong,/api/v1/people/657557,R,Right,605154,John Brebbia,/api/v1/people/605154,R,Right,vs_RHP,vs_RHB,Empty,,Memphis Redbirds,11,Triple-A,138,St. Louis Cardinals,112,Pacific Coast League,St. Louis Cardinals,1,Major League Baseball,,,104,National League,St. Louis Cardinals,Memphis Redbirds,,,,,,,,,,,,,,,,,,,,,,,,,,,,,,,,,,,,true,,,,,,,,,,,,,,,,,,,,2017.0
"13",502128.0,"2017-03-31",0,"2017-03-31T02:34:17.000Z","2017-03-31T02:38:15.000Z",false,action,,,Pitching Change: John Brebbia replaces Blake McKnight.,Pitching Substitution,9,3,false,false,,,,,,,,0,0,0,605154,/api/v1/people/605154,,,,,,,,,,,,pitching_substitution,,"1",Pitcher,Pitcher,P,,"68",atBat,Flyout,field_out,Paul DeJong flies out to right fielder Tommy Pham.,0,9,3,68,top,9,"2017-03-31T02:33:08.000Z","2017-03-31T02:38:23.000Z",true,false,false,true,0,0,0,1,657557,Paul DeJong,/api/v1/people/657557,R,Right,605154,John Brebbia,/api/v1/people/605154,R,Right,vs_RHP,vs_RHB,Empty,,Memphis Redbirds,11,Triple-A,138,St. Louis Cardinals,112,Pacific Coast League,St. Louis Cardinals,1,Major League Baseball,,,104,National League,St. Louis Cardinals,Memphis Redbirds,,,,,,,,,,,,,,,,,,,,,,,,,,,,,,,,,,,,true,,,,,,,,,,,,,,,,,,,,2017.0
"14",502128.0,"2017-03-31",2,"2017-03-31T02:33:04.000Z","2017-03-31T02:33:06.000Z",true,pitch,"05021286-0686-0033-000c-f08cd117d70a",3,Called Strike,,,,,false,C,"rgba(170, 21, 11, 1.0)",false,true,false,C,Strike - Called,0,3,,,,3.359,1.7,,135.44,80.41,,,,,,,,,,,,,,"67",atBat,Strikeout,strikeout,Luke Voit called out on strikes.,0,9,3,67,bottom,8,"2017-03-31T02:30:07.000Z","2017-03-31T02:33:06.000Z",true,false,false,true,14,0,3,3,572228,Luke Voit,/api/v1/people/572228,R,Right,572998,Josh Lucas,/api/v1/people/572998,R,Right,vs_RHP,vs_RHB,Empty,,Memphis Redbirds,11,Triple-A,138,St. Louis Cardinals,112,Pacific Coast League,St. Louis Cardinals,1,Major League Baseball,,,104,National League,Memphis Redbirds,St. Louis Cardinals,true,,,,,,,,,,,,,,,,,,,,,,,,,,,,,,,,,,,false,,,,,,,,,,,,,,,,,,,,2017.0
"15",502128.0,"2017-03-31",1,"2017-03-31T02:32:58.000Z","2017-03-31T02:33:04.000Z",true,pitch,"05021286-0686-0023-000c-f08cd117d70a",2,Called Strike,,,,,false,C,"rgba(170, 21, 11, 1.0)",false,true,false,C,Strike - Called,0,2,,,,3.359,1.7,,151.36,65.74,,,,,,,,,,,,,,"67",atBat,Strikeout,strikeout,Luke Voit called out on strikes.,0,9,3,67,bottom,8,"2017-03-31T02:30:07.000Z","2017-03-31T02:33:06.000Z",true,false,false,true,14,0,3,3,572228,Luke Voit,/api/v1/people/572228,R,Right,572998,Josh Lucas,/api/v1/people/572998,R,Right,vs_RHP,vs_RHB,Empty,,Memphis Redbirds,11,Triple-A,138,St. Louis Cardinals,112,Pacific Coast League,St. Louis Cardinals,1,Major League Baseball,,,104,National League,Memphis Redbirds,St. Louis Cardinals,false,,,,,,,,,,,,,,,,,,,,,,,,,,,,,,,,,,,false,,,,,,,,,,,,,,,,,,,,2017.0
"16",502128.0,"2017-03-31",0,"2017-03-31T02:32:54.000Z","2017-03-31T02:32:58.000Z",true,pitch,"05021286-0686-0013-000c-f08cd117d70a",1,Called Strike,,,,,false,C,"rgba(170, 21, 11, 1.0)",false,true,false,C,Strike - Called,0,1,,,,3.359,1.7,,125.21,98.74,,,,,,,,,,,,,,"67",atBat,Strikeout,strikeout,Luke Voit called out on strikes.,0,9,3,67,bottom,8,"2017-03-31T02:30:07.000Z","2017-03-31T02:33:06.000Z",true,false,false,true,14,0,3,3,572228,Luke Voit,/api/v1/people/572228,R,Right,572998,Josh Lucas,/api/v1/people/572998,R,Right,vs_RHP,vs_RHB,Empty,,Memphis Redbirds,11,Triple-A,138,St. Louis Cardinals,112,Pacific Coast League,St. Louis Cardinals,1,Major League Baseball,,,104,National League,Memphis Redbirds,St. Louis Cardinals,false,,,,,,,,,,,,,,,,,,,,,,,,,,,,,,,,,,,false,,,,,,,,,,,,,,,,,,,,2017.0
"17",502128.0,"2017-03-31",2,"2017-03-31T02:30:04.000Z","2017-03-31T02:30:05.000Z",true,pitch,"05021286-0676-0033-000c-f08cd117d70a",3,Swinging Strike,,,,,false,S,"rgba(170, 21, 11, 1.0)",false,true,false,S,Strike - Swinging,0,3,,,,3.359,1.7,,84.27,77.96,,,,,,,,,,,,,,"66",atBat,Strikeout,strikeout,Tommy Pham strikes out swinging.,0,9,3,66,bottom,8,"2017-03-31T02:28:28.000Z","2017-03-31T02:30:05.000Z",true,false,false,true,14,0,3,2,502054,Tommy Pham,/api/v1/people/502054,R,Right,572998,Josh Lucas,/api/v1/people/572998,R,Right,vs_RHP,vs_RHB,Empty,,Memphis Redbirds,11,Triple-A,138,St. Louis Cardinals,112,Pacific Coast League,St. Louis Cardinals,1,Major League Baseball,,,104,National League,Memphis Redbirds,St. Louis Cardinals,true,,,,,,,,,,,,,,,,,,,,,,,,,,,,,,,,,,,false,,,,,,,,,,,,,,,,,,,,2017.0
"18",502128.0,"2017-03-31",1,"2017-03-31T02:30:01.000Z","2017-03-31T02:30:04.000Z",true,pitch,"05021286-0676-0023-000c-f08cd117d70a",2,Swinging Strike,,,,,false,S,"rgba(170, 21, 11, 1.0)",false,true,false,S,Strike - Swinging,0,2,,,,3.359,1.7,,122.93,109.14,,,,,,,,,,,,,,"66",atBat,Strikeout,strikeout,Tommy Pham strikes out swinging.,0,9,3,66,bottom,8,"2017-03-31T02:28:28.000Z","2017-03-31T02:30:05.000Z",true,false,false,true,14,0,3,2,502054,Tommy Pham,/api/v1/people/502054,R,Right,572998,Josh Lucas,/api/v1/people/572998,R,Right,vs_RHP,vs_RHB,Empty,,Memphis Redbirds,11,Triple-A,138,St. Louis Cardinals,112,Pacific Coast League,St. Louis Cardinals,1,Major League Baseball,,,104,National League,Memphis Redbirds,St. Louis Cardinals,false,,,,,,,,,,,,,,,,,,,,,,,,,,,,,,,,,,,false,,,,,,,,,,,,,,,,,,,,2017.0
"19",502128.0,"2017-03-31",0,"2017-03-31T02:29:57.000Z","2017-03-31T02:30:01.000Z",true,pitch,"05021286-0676-0013-000c-f08cd117d70a",1,Swinging Strike,,,,,false,S,"rgba(170, 21, 11, 1.0)",false,true,false,S,Strike - Swinging,0,1,,,,3.359,1.7,,115.54,97.52,,,,,,,,,,,,,,"66",atBat,Strikeout,strikeout,Tommy Pham strikes out swinging.,0,9,3,66,bottom,8,"2017-03-31T02:28:28.000Z","2017-03-31T02:30:05.000Z",true,false,false,true,14,0,3,2,502054,Tommy Pham,/api/v1/people/502054,R,Right,572998,Josh Lucas,/api/v1/people/572998,R,Right,vs_RHP,vs_RHB,Empty,,Memphis Redbirds,11,Triple-A,138,St. Louis Cardinals,112,Pacific Coast League,St. Louis Cardinals,1,Major League Baseball,,,104,National League,Memphis Redbirds,St. Louis Cardinals,false,,,,,,,,,,,,,,,,,,,,,,,,,,,,,,,,,,,false,,,,,,,,,,,,,,,,,,,,2017.0
"20",502128.0,"2017-03-31",0,"2017-03-31T02:28:23.000Z","2017-03-31T02:28:27.000Z",true,pitch,"05021286-0666-0013-000c-f08cd117d70a",1,"In play, run(s)",,,,,false,E,"rgba(26, 86, 190, 1.0)",true,false,false,E,Hit Into Play - Run(s),0,0,,,,3.359,1.7,,109.29,85.3,fly_ball,medium,"78",65.35,43.69,,,,,,,,,"65",atBat,Home Run,home_run,Alex Mejia homers (1) on a fly ball to left center field.,1,9,3,65,bottom,8,"2017-03-31T02:27:50.000Z","2017-03-31T02:28:27.000Z",true,true,false,false,38,0,0,1,622270,Alex Mejia,/api/v1/people/622270,R,Right,572998,Josh Lucas,/api/v1/people/572998,R,Right,vs_RHP,vs_RHB,Empty,,Memphis Redbirds,11,Triple-A,138,St. Louis Cardinals,112,Pacific Coast League,St. Louis Cardinals,1,Major League Baseball,,,104,National League,Memphis Redbirds,St. Louis Cardinals,true,,,,,,,,,,,,,,,,,,,,,,,,,,,,,,,,,,,false,,,,,,,,,,,,,,,,,,,,2017.0
"21",502128.0,"2017-03-31",3,"2017-03-31T02:27:45.000Z","2017-03-31T02:27:49.000Z",true,pitch,"05021286-0656-0043-000c-f08cd117d70a",4,"In play, run(s)",,,,,false,E,"rgba(26, 86, 190, 1.0)",true,false,false,E,Hit Into Play - Run(s),2,1,,,,3.359,1.7,,123.5,104.25,fly_ball,medium,"7",31.46,72.74,,,,,,,,,"64",atBat,Home Run,home_run,Blake Drake homers (1) on a fly ball to left field.,1,9,2,64,bottom,8,"2017-03-31T02:26:08.000Z","2017-03-31T02:27:49.000Z",true,true,false,false,38,2,1,1,656383,Blake Drake,/api/v1/people/656383,R,Right,572998,Josh Lucas,/api/v1/people/572998,R,Right,vs_RHP,vs_RHB,Empty,,Memphis Redbirds,11,Triple-A,138,St. Louis Cardinals,112,Pacific Coast League,St. Louis Cardinals,1,Major League Baseball,,,104,National League,Memphis Redbirds,St. Louis Cardinals,true,,,,,,,,,,,,,,,,,,,,,,,,,,,,,,,,,,,false,,,,,,,,,,,,,,,,,,,,2017.0
"22",502128.0,"2017-03-31",2,"2017-03-31T02:27:41.000Z","2017-03-31T02:27:45.000Z",true,pitch,"05021286-0656-0033-000c-f08cd117d70a",3,Called Strike,,,,,false,C,"rgba(170, 21, 11, 1.0)",false,true,false,C,Strike - Called,2,1,,,,3.359,1.7,,93.93,54.73,,,,,,,,,,,,,,"64",atBat,Home Run,home_run,Blake Drake homers (1) on a fly ball to left field.,1,9,2,64,bottom,8,"2017-03-31T02:26:08.000Z","2017-03-31T02:27:49.000Z",true,true,false,false,38,2,1,1,656383,Blake Drake,/api/v1/people/656383,R,Right,572998,Josh Lucas,/api/v1/people/572998,R,Right,vs_RHP,vs_RHB,Empty,,Memphis Redbirds,11,Triple-A,138,St. Louis Cardinals,112,Pacific Coast League,St. Louis Cardinals,1,Major League Baseball,,,104,National League,Memphis Redbirds,St. Louis Cardinals,false,,,,,,,,,,,,,,,,,,,,,,,,,,,,,,,,,,,false,,,,,,,,,,,,,,,,,,,,2017.0
"23",502128.0,"2017-03-31",1,"2017-03-31T02:27:38.000Z","2017-03-31T02:27:41.000Z",true,pitch,"05021286-0656-0023-000c-f08cd117d70a",2,Ball,,,,,false,B,"rgba(39, 161, 39, 1.0)",false,false,true,B,Ball - Called,2,0,,,,3.359,1.7,,116.68,57.18,,,,,,,,,,,,,,"64",atBat,Home Run,home_run,Blake Drake homers (1) on a fly ball to left field.,1,9,2,64,bottom,8,"2017-03-31T02:26:08.000Z","2017-03-31T02:27:49.000Z",true,true,false,false,38,2,1,1,656383,Blake Drake,/api/v1/people/656383,R,Right,572998,Josh Lucas,/api/v1/people/572998,R,Right,vs_RHP,vs_RHB,Empty,,Memphis Redbirds,11,Triple-A,138,St. Louis Cardinals,112,Pacific Coast League,St. Louis Cardinals,1,Major League Baseball,,,104,National League,Memphis Redbirds,St. Louis Cardinals,false,,,,,,,,,,,,,,,,,,,,,,,,,,,,,,,,,,,false,,,,,,,,,,,,,,,,,,,,2017.0
"24",502128.0,"2017-03-31",0,"2017-03-31T02:27:35.000Z","2017-03-31T02:27:38.000Z",true,pitch,"05021286-0656-0013-000c-f08cd117d70a",1,Ball,,,,,false,B,"rgba(39, 161, 39, 1.0)",false,false,true,B,Ball - Called,1,0,,,,3.359,1.7,,128.05,84.07,,,,,,,,,,,,,,"64",atBat,Home Run,home_run,Blake Drake homers (1) on a fly ball to left field.,1,9,2,64,bottom,8,"2017-03-31T02:26:08.000Z","2017-03-31T02:27:49.000Z",true,true,false,false,38,2,1,1,656383,Blake Drake,/api/v1/people/656383,R,Right,572998,Josh Lucas,/api/v1/people/572998,R,Right,vs_RHP,vs_RHB,Empty,,Memphis Redbirds,11,Triple-A,138,St. Louis Cardinals,112,Pacific Coast League,St. Louis Cardinals,1,Major League Baseball,,,104,National League,Memphis Redbirds,St. Louis Cardinals,false,,,,,,,,,,,,,,,,,,,,,,,,,,,,,,,,,,,false,,,,,,,,,,,,,,,,,,,,2017.0
"25",502128.0,"2017-03-31",1,"2017-03-31T02:26:02.000Z","2017-03-31T02:26:07.000Z",true,pitch,"05021286-0646-0013-000c-f08cd117d70a",1,"In play, out(s)",,,,,false,X,"rgba(26, 86, 190, 1.0)",true,false,false,X,Hit Into Play - Out(s),0,0,,,,3.359,1.7,,128.05,111.58,popup,medium,"4",133.73,154.43,,,,,,,,,"63",atBat,Pop Out,field_out,Breyvic Valera pops out to second baseman Greg Garcia.,0,9,1,63,bottom,8,"2017-03-31T02:22:18.000Z","2017-03-31T02:26:07.000Z",true,false,false,true,0,0,0,1,591971,Breyvic Valera,/api/v1/people/591971,L,Left,572998,Josh Lucas,/api/v1/people/572998,R,Right,vs_RHP,vs_LHB,Empty,,Memphis Redbirds,11,Triple-A,138,St. Louis Cardinals,112,Pacific Coast League,St. Louis Cardinals,1,Major League Baseball,,,104,National League,Memphis Redbirds,St. Louis Cardinals,,,,,,,,,,,,,,,,,,,,,,,,,,,,,,,,,,,,false,,,,,,,,,,,,,,,,,,,,2017.0
"26",502128.0,"2017-03-31",0,"2017-03-31T02:22:51.000Z","2017-03-31T02:26:02.000Z",false,action,,,Pitching Change: Josh Lucas replaces Zach Phillips.,Pitching Substitution,9,1,false,false,,,,,,,,0,0,0,572998,/api/v1/people/572998,,,,,,,,,,,,pitching_substitution,,"1",Pitcher,Pitcher,P,,"63",atBat,Pop Out,field_out,Breyvic Valera pops out to second baseman Greg Garcia.,0,9,1,63,bottom,8,"2017-03-31T02:22:18.000Z","2017-03-31T02:26:07.000Z",true,false,false,true,0,0,0,1,591971,Breyvic Valera,/api/v1/people/591971,L,Left,572998,Josh Lucas,/api/v1/people/572998,R,Right,vs_RHP,vs_LHB,Empty,,Memphis Redbirds,11,Triple-A,138,St. Louis Cardinals,112,Pacific Coast League,St. Louis Cardinals,1,Major League Baseball,,,104,National League,Memphis Redbirds,St. Louis Cardinals,,,,,,,,,,,,,,,,,,,,,,,,,,,,,,,,,,,,false,,,,,,,,,,,,,,,,,,,,2017.0
"27",502128.0,"2017-03-31",0,"2017-03-31T02:22:10.000Z","2017-03-31T02:22:15.000Z",true,pitch,"05021286-0636-0013-000c-f08cd117d70a",1,"In play, out(s)",,,,,false,X,"rgba(26, 86, 190, 1.0)",true,false,false,X,Hit Into Play - Out(s),0,0,,,,3.359,1.7,,111.56,103.64,ground_ball,medium,"6",115.57,152.01,,,,,,,,,"62",atBat,Groundout,field_out,"Harrison Bader grounds out, shortstop Alex Mejia to first baseman Luke Voit.",0,9,1,62,top,8,"2017-03-31T02:20:24.000Z","2017-03-31T02:22:15.000Z",true,false,false,true,0,0,0,3,664056,Harrison Bader,/api/v1/people/664056,R,Right,643442,Blake McKnight,/api/v1/people/643442,R,Right,vs_RHP,vs_RHB,Empty,,Memphis Redbirds,11,Triple-A,138,St. Louis Cardinals,112,Pacific Coast League,St. Louis Cardinals,1,Major League Baseball,,,104,National League,St. Louis Cardinals,Memphis Redbirds,true,,,,,,,,,,,,,,,,,,,,,,,,,,,,,,,,,,,true,,,,,,,,,,,,,,,,,,,,2017.0
"28",502128.0,"2017-03-31",3,"2017-03-31T02:20:22.000Z","2017-03-31T02:20:23.000Z",true,pitch,"05021286-0626-0043-000c-f08cd117d70a",4,Ball,,,,,false,B,"rgba(39, 161, 39, 1.0)",false,false,true,B,Ball - Called,4,0,,,,3.359,1.7,,101.89,82.85,,,,,,,,,,,,,,"61",atBat,Walk,walk,Greg Garcia walks.,0,9,1,61,top,8,"2017-03-31T02:18:52.000Z","2017-03-31T02:20:23.000Z",true,false,false,false,0,4,0,2,594824,Greg Garcia,/api/v1/people/594824,L,Left,643442,Blake McKnight,/api/v1/people/643442,R,Right,vs_RHP,vs_LHB,Men_On,,Memphis Redbirds,11,Triple-A,138,St. Louis Cardinals,112,Pacific Coast League,St. Louis Cardinals,1,Major League Baseball,,,104,National League,St. Louis Cardinals,Memphis Redbirds,true,,,,,,,,,,,,,,,,,,,,,,,,,,,,,,,,,,,true,594824,Greg Garcia,/api/v1/people/594824,,,,,,,,,,,,,,,,,2017.0
"29",502128.0,"2017-03-31",2,"2017-03-31T02:20:19.000Z","2017-03-31T02:20:22.000Z",true,pitch,"05021286-0626-0033-000c-f08cd117d70a",3,Ball,,,,,false,B,"rgba(39, 161, 39, 1.0)",false,false,true,B,Ball - Called,3,0,,,,3.359,1.7,,127.48,69.4,,,,,,,,,,,,,,"61",atBat,Walk,walk,Greg Garcia walks.,0,9,1,61,top,8,"2017-03-31T02:18:52.000Z","2017-03-31T02:20:23.000Z",true,false,false,false,0,4,0,2,594824,Greg Garcia,/api/v1/people/594824,L,Left,643442,Blake McKnight,/api/v1/people/643442,R,Right,vs_RHP,vs_LHB,Men_On,,Memphis Redbirds,11,Triple-A,138,St. Louis Cardinals,112,Pacific Coast League,St. Louis Cardinals,1,Major League Baseball,,,104,National League,St. Louis Cardinals,Memphis Redbirds,false,,,,,,,,,,,,,,,,,,,,,,,,,,,,,,,,,,,true,594824,Greg Garcia,/api/v1/people/594824,,,,,,,,,,,,,,,,,2017.0
"30",502128.0,"2017-03-31",1,"2017-03-31T02:20:16.000Z","2017-03-31T02:20:19.000Z",true,pitch,"05021286-0626-0023-000c-f08cd117d70a",2,Ball,,,,,false,B,"rgba(39, 161, 39, 1.0)",false,false,true,B,Ball - Called,2,0,,,,3.359,1.7,,112.7,59.62,,,,,,,,,,,,,,"61",atBat,Walk,walk,Greg Garcia walks.,0,9,1,61,top,8,"2017-03-31T02:18:52.000Z","2017-03-31T02:20:23.000Z",true,false,false,false,0,4,0,2,594824,Greg Garcia,/api/v1/people/594824,L,Left,643442,Blake McKnight,/api/v1/people/643442,R,Right,vs_RHP,vs_LHB,Men_On,,Memphis Redbirds,11,Triple-A,138,St. Louis Cardinals,112,Pacific Coast League,St. Louis Cardinals,1,Major League Baseball,,,104,National League,St. Louis Cardinals,Memphis Redbirds,false,,,,,,,,,,,,,,,,,,,,,,,,,,,,,,,,,,,true,594824,Greg Garcia,/api/v1/people/594824,,,,,,,,,,,,,,,,,2017.0
"31",502128.0,"2017-03-31",0,"2017-03-31T02:20:14.000Z","2017-03-31T02:20:16.000Z",true,pitch,"05021286-0626-0013-000c-f08cd117d70a",1,Ball,,,,,false,B,"rgba(39, 161, 39, 1.0)",false,false,true,B,Ball - Called,1,0,,,,3.359,1.7,,128.05,90.8,,,,,,,,,,,,,,"61",atBat,Walk,walk,Greg Garcia walks.,0,9,1,61,top,8,"2017-03-31T02:18:52.000Z","2017-03-31T02:20:23.000Z",true,false,false,false,0,4,0,2,594824,Greg Garcia,/api/v1/people/594824,L,Left,643442,Blake McKnight,/api/v1/people/643442,R,Right,vs_RHP,vs_LHB,Men_On,,Memphis Redbirds,11,Triple-A,138,St. Louis Cardinals,112,Pacific Coast League,St. Louis Cardinals,1,Major League Baseball,,,104,National League,St. Louis Cardinals,Memphis Redbirds,false,,,,,,,,,,,,,,,,,,,,,,,,,,,,,,,,,,,true,594824,Greg Garcia,/api/v1/people/594824,,,,,,,,,,,,,,,,,2017.0
"32",502128.0,"2017-03-31",0,"2017-03-31T02:18:47.000Z","2017-03-31T02:18:51.000Z",true,pitch,"05021286-0616-0013-000c-f08cd117d70a",1,"In play, out(s)",,,,,false,X,"rgba(26, 86, 190, 1.0)",true,false,false,X,Hit Into Play - Out(s),0,0,,,,3.359,1.7,,126.34,118.31,ground_ball,medium,"5",115.57,167.14,,,,,,,,,"60",atBat,Groundout,field_out,"Alberto Rosario grounds out, third baseman Patrick Wisdom to first baseman Luke Voit.",0,9,1,60,top,8,"2017-03-31T02:17:06.000Z","2017-03-31T02:18:51.000Z",true,false,false,true,0,0,0,2,451705,Alberto Rosario,/api/v1/people/451705,R,Right,643442,Blake McKnight,/api/v1/people/643442,R,Right,vs_RHP,vs_RHB,Empty,,Memphis Redbirds,11,Triple-A,138,St. Louis Cardinals,112,Pacific Coast League,St. Louis Cardinals,1,Major League Baseball,,,104,National League,St. Louis Cardinals,Memphis Redbirds,true,,,,,,,,,,,,,,,,,,,,,,,,,,,,,,,,,,,true,594824,Greg Garcia,/api/v1/people/594824,,,,,,,,,,,,,,,,,2017.0
"33",502128.0,"2017-03-31",1,"2017-03-31T02:17:01.000Z","2017-03-31T02:17:05.000Z",true,pitch,"05021286-0606-0013-000c-f08cd117d70a",1,"In play, out(s)",,,,,false,X,"rgba(26, 86, 190, 1.0)",true,false,false,X,Hit Into Play - Out(s),0,0,,,,3.359,1.7,,126.91,96.3,ground_ball,medium,"6",115.57,149.59,,,,,,,,,"59",atBat,Groundout,field_out,"Chad Huffman grounds out, shortstop Alex Mejia to first baseman Luke Voit.",0,9,1,59,top,8,"2017-03-31T02:12:12.000Z","2017-03-31T02:17:05.000Z",true,false,false,true,0,0,0,1,502151,Chad Huffman,/api/v1/people/502151,R,Right,643442,Blake McKnight,/api/v1/people/643442,R,Right,vs_RHP,vs_RHB,Empty,,Memphis Redbirds,11,Triple-A,138,St. Louis Cardinals,112,Pacific Coast League,St. Louis Cardinals,1,Major League Baseball,,,104,National League,St. Louis Cardinals,Memphis Redbirds,,,,,,,,,,,,,,,,,,,,,,,,,,,,,,,,,,,,true,594824,Greg Garcia,/api/v1/people/594824,,,,,,,,,,,,,,,,,2017.0
"34",502128.0,"2017-03-31",0,"2017-03-31T02:16:57.000Z","2017-03-31T02:17:01.000Z",false,action,,,Pitching Change: Blake McKnight replaces Kevin Herget.,Pitching Substitution,9,1,false,false,,,,,,,,0,0,0,643442,/api/v1/people/643442,,,,,,,,,,,,pitching_substitution,,"1",Pitcher,Pitcher,P,,"59",atBat,Groundout,field_out,"Chad Huffman grounds out, shortstop Alex Mejia to first baseman Luke Voit.",0,9,1,59,top,8,"2017-03-31T02:12:12.000Z","2017-03-31T02:17:05.000Z",true,false,false,true,0,0,0,1,502151,Chad Huffman,/api/v1/people/502151,R,Right,643442,Blake McKnight,/api/v1/people/643442,R,Right,vs_RHP,vs_RHB,Empty,,Memphis Redbirds,11,Triple-A,138,St. Louis Cardinals,112,Pacific Coast League,St. Louis Cardinals,1,Major League Baseball,,,104,National League,St. Louis Cardinals,Memphis Redbirds,,,,,,,,,,,,,,,,,,,,,,,,,,,,,,,,,,,,true,594824,Greg Garcia,/api/v1/people/594824,,,,,,,,,,,,,,,,,2017.0
"35",502128.0,"2017-03-31",0,"2017-03-31T02:12:03.000Z","2017-03-31T02:12:09.000Z",true,pitch,"05021286-0596-0013-000c-f08cd117d70a",1,"In play, out(s)",,,,,false,X,"rgba(26, 86, 190, 1.0)",true,false,false,X,Hit Into Play - Out(s),0,0,,,,3.359,1.7,,107.58,93.85,ground_ball,medium,"5",110.73,166.53,,,,,,,,,"58",atBat,Groundout,field_out,"Anthony Garcia grounds out, third baseman Wilfredo Tovar to first baseman Jose Martinez.",0,9,1,58,bottom,7,"2017-03-31T02:09:15.000Z","2017-03-31T02:12:09.000Z",true,false,false,true,0,0,0,3,571685,Anthony Garcia,/api/v1/people/571685,R,Right,452061,Zach Phillips,/api/v1/people/452061,L,Left,vs_LHP,vs_RHB,Empty,,Memphis Redbirds,11,Triple-A,138,St. Louis Cardinals,112,Pacific Coast League,St. Louis Cardinals,1,Major League Baseball,,,104,National League,Memphis Redbirds,St. Louis Cardinals,true,,,,,,,,,,,,,,,,,,,,,,,,,,,,,,,,,,,false,594824,Greg Garcia,/api/v1/people/594824,,,,,,,,,,,,,,,,,2017.0
"36",502128.0,"2017-03-31",2,"2017-03-31T02:09:13.000Z","2017-03-31T02:09:14.000Z",true,pitch,"05021286-0586-0033-000c-f08cd117d70a",3,Called Strike,,,,,false,C,"rgba(170, 21, 11, 1.0)",false,true,false,C,Strike - Called,0,3,,,,3.359,1.7,,81.99,63.29,,,,,,,,,,,,,,"57",atBat,Strikeout,strikeout,Luis Cruz called out on strikes.,0,9,1,57,bottom,7,"2017-03-31T02:07:34.000Z","2017-03-31T02:09:14.000Z",true,false,false,true,14,0,3,2,606133,Luis Cruz,/api/v1/people/606133,R,Right,452061,Zach Phillips,/api/v1/people/452061,L,Left,vs_LHP,vs_RHB,Empty,,Memphis Redbirds,11,Triple-A,138,St. Louis Cardinals,112,Pacific Coast League,St. Louis Cardinals,1,Major League Baseball,,,104,National League,Memphis Redbirds,St. Louis Cardinals,true,,,,,,,,,,,,,,,,,,,,,,,,,,,,,,,,,,,false,594824,Greg Garcia,/api/v1/people/594824,,,,,,,,,,,,,,,,,2017.0
"37",502128.0,"2017-03-31",1,"2017-03-31T02:09:10.000Z","2017-03-31T02:09:13.000Z",true,pitch,"05021286-0586-0023-000c-f08cd117d70a",2,Called Strike,,,,,false,C,"rgba(170, 21, 11, 1.0)",false,true,false,C,Strike - Called,0,2,,,,3.359,1.7,,102.46,76.74,,,,,,,,,,,,,,"57",atBat,Strikeout,strikeout,Luis Cruz called out on strikes.,0,9,1,57,bottom,7,"2017-03-31T02:07:34.000Z","2017-03-31T02:09:14.000Z",true,false,false,true,14,0,3,2,606133,Luis Cruz,/api/v1/people/606133,R,Right,452061,Zach Phillips,/api/v1/people/452061,L,Left,vs_LHP,vs_RHB,Empty,,Memphis Redbirds,11,Triple-A,138,St. Louis Cardinals,112,Pacific Coast League,St. Louis Cardinals,1,Major League Baseball,,,104,National League,Memphis Redbirds,St. Louis Cardinals,false,,,,,,,,,,,,,,,,,,,,,,,,,,,,,,,,,,,false,594824,Greg Garcia,/api/v1/people/594824,,,,,,,,,,,,,,,,,2017.0
"38",502128.0,"2017-03-31",0,"2017-03-31T02:09:08.000Z","2017-03-31T02:09:10.000Z",true,pitch,"05021286-0586-0013-000c-f08cd117d70a",1,Called Strike,,,,,false,C,"rgba(170, 21, 11, 1.0)",false,true,false,C,Strike - Called,0,1,,,,3.359,1.7,,127.48,94.47,,,,,,,,,,,,,,"57",atBat,Strikeout,strikeout,Luis Cruz called out on strikes.,0,9,1,57,bottom,7,"2017-03-31T02:07:34.000Z","2017-03-31T02:09:14.000Z",true,false,false,true,14,0,3,2,606133,Luis Cruz,/api/v1/people/606133,R,Right,452061,Zach Phillips,/api/v1/people/452061,L,Left,vs_LHP,vs_RHB,Empty,,Memphis Redbirds,11,Triple-A,138,St. Louis Cardinals,112,Pacific Coast League,St. Louis Cardinals,1,Major League Baseball,,,104,National League,Memphis Redbirds,St. Louis Cardinals,false,,,,,,,,,,,,,,,,,,,,,,,,,,,,,,,,,,,false,594824,Greg Garcia,/api/v1/people/594824,,,,,,,,,,,,,,,,,2017.0
"39",502128.0,"2017-03-31",3,"2017-03-31T02:07:31.000Z","2017-03-31T02:07:32.000Z",true,pitch,"05021286-0576-0033-000c-f08cd117d70a",3,Swinging Strike,,,,,false,S,"rgba(170, 21, 11, 1.0)",false,true,false,S,Strike - Swinging,0,3,,,,3.359,1.7,,112.7,90.19,,,,,,,,,,,,,,"56",atBat,Strikeout,strikeout,Todd Cunningham strikes out swinging.,0,9,1,56,bottom,7,"2017-03-31T02:03:06.000Z","2017-03-31T02:07:32.000Z",true,false,false,true,14,0,3,1,592239,Todd Cunningham,/api/v1/people/592239,R,Right,452061,Zach Phillips,/api/v1/people/452061,L,Left,vs_LHP,vs_RHB,Empty,,Memphis Redbirds,11,Triple-A,138,St. Louis Cardinals,112,Pacific Coast League,St. Louis Cardinals,1,Major League Baseball,,,104,National League,Memphis Redbirds,St. Louis Cardinals,,,,,,,,,,,,,,,,,,,,,,,,,,,,,,,,,,,,false,594824,Greg Garcia,/api/v1/people/594824,,,,,,,,,,,,,,,,,2017.0
"40",502128.0,"2017-03-31",2,"2017-03-31T02:07:29.000Z","2017-03-31T02:07:31.000Z",true,pitch,"05021286-0576-0023-000c-f08cd117d70a",2,Swinging Strike,,,,,false,S,"rgba(170, 21, 11, 1.0)",false,true,false,S,Strike - Swinging,0,2,,,,3.359,1.7,,110.99,79.18,,,,,,,,,,,,,,"56",atBat,Strikeout,strikeout,Todd Cunningham strikes out swinging.,0,9,1,56,bottom,7,"2017-03-31T02:03:06.000Z","2017-03-31T02:07:32.000Z",true,false,false,true,14,0,3,1,592239,Todd Cunningham,/api/v1/people/592239,R,Right,452061,Zach Phillips,/api/v1/people/452061,L,Left,vs_LHP,vs_RHB,Empty,,Memphis Redbirds,11,Triple-A,138,St. Louis Cardinals,112,Pacific Coast League,St. Louis Cardinals,1,Major League Baseball,,,104,National League,Memphis Redbirds,St. Louis Cardinals,,,,,,,,,,,,,,,,,,,,,,,,,,,,,,,,,,,,false,594824,Greg Garcia,/api/v1/people/594824,,,,,,,,,,,,,,,,,2017.0
"41",502128.0,"2017-03-31",1,"2017-03-31T02:07:26.000Z","2017-03-31T02:07:29.000Z",true,pitch,"05021286-0576-0013-000c-f08cd117d70a",1,Swinging Strike,,,,,false,S,"rgba(170, 21, 11, 1.0)",false,true,false,S,Strike - Swinging,0,1,,,,3.359,1.7,,141.13,106.08,,,,,,,,,,,,,,"56",atBat,Strikeout,strikeout,Todd Cunningham strikes out swinging.,0,9,1,56,bottom,7,"2017-03-31T02:03:06.000Z","2017-03-31T02:07:32.000Z",true,false,false,true,14,0,3,1,592239,Todd Cunningham,/api/v1/people/592239,R,Right,452061,Zach Phillips,/api/v1/people/452061,L,Left,vs_LHP,vs_RHB,Empty,,Memphis Redbirds,11,Triple-A,138,St. Louis Cardinals,112,Pacific Coast League,St. Louis Cardinals,1,Major League Baseball,,,104,National League,Memphis Redbirds,St. Louis Cardinals,,,,,,,,,,,,,,,,,,,,,,,,,,,,,,,,,,,,false,594824,Greg Garcia,/api/v1/people/594824,,,,,,,,,,,,,,,,,2017.0
"42",502128.0,"2017-03-31",0,"2017-03-31T02:04:11.000Z","2017-03-31T02:07:26.000Z",false,action,,,Pitching Change: Zach Phillips replaces Rowan Wick.,Pitching Substitution,9,1,false,false,,,,,,,,0,0,0,452061,/api/v1/people/452061,,,,,,,,,,,,pitching_substitution,,"1",Pitcher,Pitcher,P,,"56",atBat,Strikeout,strikeout,Todd Cunningham strikes out swinging.,0,9,1,56,bottom,7,"2017-03-31T02:03:06.000Z","2017-03-31T02:07:32.000Z",true,false,false,true,14,0,3,1,592239,Todd Cunningham,/api/v1/people/592239,R,Right,452061,Zach Phillips,/api/v1/people/452061,L,Left,vs_LHP,vs_RHB,Empty,,Memphis Redbirds,11,Triple-A,138,St. Louis Cardinals,112,Pacific Coast League,St. Louis Cardinals,1,Major League Baseball,,,104,National League,Memphis Redbirds,St. Louis Cardinals,,,,,,,,,,,,,,,,,,,,,,,,,,,,,,,,,,,,false,594824,Greg Garcia,/api/v1/people/594824,,,,,,,,,,,,,,,,,2017.0
"43",502128.0,"2017-03-31",2,"2017-03-31T02:03:01.000Z","2017-03-31T02:03:02.000Z",true,pitch,"05021286-0566-0033-000c-f08cd117d70a",3,Swinging Strike,,,,,false,S,"rgba(170, 21, 11, 1.0)",false,true,false,S,Strike - Swinging,0,3,,,,3.359,1.7,,132.6,82.85,,,,,,,,,,,,,,"55",atBat,Strikeout,strikeout,Matt Adams strikes out swinging.,0,9,1,55,top,7,"2017-03-31T02:01:25.000Z","2017-03-31T02:03:02.000Z",true,false,false,true,14,0,3,3,571431,Matt Adams,/api/v1/people/571431,L,Left,643361,Kevin Herget,/api/v1/people/643361,R,Right,vs_RHP,vs_LHB,Empty,,Memphis Redbirds,11,Triple-A,138,St. Louis Cardinals,112,Pacific Coast League,St. Louis Cardinals,1,Major League Baseball,,,104,National League,St. Louis Cardinals,Memphis Redbirds,true,,,,,,,,,,,,,,,,,,,,,,,,,,,,,,,,,,,true,594824,Greg Garcia,/api/v1/people/594824,,,,,,,,,,,,,,,,,2017.0
"44",502128.0,"2017-03-31",1,"2017-03-31T02:02:59.000Z","2017-03-31T02:03:01.000Z",true,pitch,"05021286-0566-0023-000c-f08cd117d70a",2,Swinging Strike,,,,,false,S,"rgba(170, 21, 11, 1.0)",false,true,false,S,Strike - Swinging,0,2,,,,3.359,1.7,,122.93,88.96,,,,,,,,,,,,,,"55",atBat,Strikeout,strikeout,Matt Adams strikes out swinging.,0,9,1,55,top,7,"2017-03-31T02:01:25.000Z","2017-03-31T02:03:02.000Z",true,false,false,true,14,0,3,3,571431,Matt Adams,/api/v1/people/571431,L,Left,643361,Kevin Herget,/api/v1/people/643361,R,Right,vs_RHP,vs_LHB,Empty,,Memphis Redbirds,11,Triple-A,138,St. Louis Cardinals,112,Pacific Coast League,St. Louis Cardinals,1,Major League Baseball,,,104,National League,St. Louis Cardinals,Memphis Redbirds,false,,,,,,,,,,,,,,,,,,,,,,,,,,,,,,,,,,,true,594824,Greg Garcia,/api/v1/people/594824,,,,,,,,,,,,,,,,,2017.0
"45",502128.0,"2017-03-31",0,"2017-03-31T02:02:56.000Z","2017-03-31T02:02:59.000Z",true,pitch,"05021286-0566-0013-000c-f08cd117d70a",1,Swinging Strike,,,,,false,S,"rgba(170, 21, 11, 1.0)",false,true,false,S,Strike - Swinging,0,1,,,,3.359,1.7,,132.03,91.41,,,,,,,,,,,,,,"55",atBat,Strikeout,strikeout,Matt Adams strikes out swinging.,0,9,1,55,top,7,"2017-03-31T02:01:25.000Z","2017-03-31T02:03:02.000Z",true,false,false,true,14,0,3,3,571431,Matt Adams,/api/v1/people/571431,L,Left,643361,Kevin Herget,/api/v1/people/643361,R,Right,vs_RHP,vs_LHB,Empty,,Memphis Redbirds,11,Triple-A,138,St. Louis Cardinals,112,Pacific Coast League,St. Louis Cardinals,1,Major League Baseball,,,104,National League,St. Louis Cardinals,Memphis Redbirds,false,,,,,,,,,,,,,,,,,,,,,,,,,,,,,,,,,,,true,594824,Greg Garcia,/api/v1/people/594824,,,,,,,,,,,,,,,,,2017.0
"46",502128.0,"2017-03-31",2,"2017-03-31T02:01:23.000Z","2017-03-31T02:01:24.000Z",true,pitch,"05021286-0556-0033-000c-f08cd117d70a",3,Swinging Strike,,,,,false,S,"rgba(170, 21, 11, 1.0)",false,true,false,S,Strike - Swinging,0,3,,,,3.359,1.7,,132.6,93.85,,,,,,,,,,,,,,"54",atBat,Strikeout,strikeout,Eric Fryer strikes out swinging.,0,9,1,54,top,7,"2017-03-31T01:58:20.000Z","2017-03-31T02:01:24.000Z",true,false,false,true,14,0,3,2,518700,Eric Fryer,/api/v1/people/518700,R,Right,643361,Kevin Herget,/api/v1/people/643361,R,Right,vs_RHP,vs_RHB,Empty,,Memphis Redbirds,11,Triple-A,138,St. Louis Cardinals,112,Pacific Coast League,St. Louis Cardinals,1,Major League Baseball,,,104,National League,St. Louis Cardinals,Memphis Redbirds,true,,,,,,,,,,,,,,,,,,,,,,,,,,,,,,,,,,,true,594824,Greg Garcia,/api/v1/people/594824,,,,,,,,,,,,,,,,,2017.0
"47",502128.0,"2017-03-31",1,"2017-03-31T02:01:21.000Z","2017-03-31T02:01:23.000Z",true,pitch,"05021286-0556-0023-000c-f08cd117d70a",2,Swinging Strike,,,,,false,S,"rgba(170, 21, 11, 1.0)",false,true,false,S,Strike - Swinging,0,2,,,,3.359,1.7,,136.58,93.24,,,,,,,,,,,,,,"54",atBat,Strikeout,strikeout,Eric Fryer strikes out swinging.,0,9,1,54,top,7,"2017-03-31T01:58:20.000Z","2017-03-31T02:01:24.000Z",true,false,false,true,14,0,3,2,518700,Eric Fryer,/api/v1/people/518700,R,Right,643361,Kevin Herget,/api/v1/people/643361,R,Right,vs_RHP,vs_RHB,Empty,,Memphis Redbirds,11,Triple-A,138,St. Louis Cardinals,112,Pacific Coast League,St. Louis Cardinals,1,Major League Baseball,,,104,National League,St. Louis Cardinals,Memphis Redbirds,false,,,,,,,,,,,,,,,,,,,,,,,,,,,,,,,,,,,true,594824,Greg Garcia,/api/v1/people/594824,,,,,,,,,,,,,,,,,2017.0
"48",502128.0,"2017-03-31",0,"2017-03-31T02:01:19.000Z","2017-03-31T02:01:21.000Z",true,pitch,"05021286-0556-0013-000c-f08cd117d70a",1,Swinging Strike,,,,,false,S,"rgba(170, 21, 11, 1.0)",false,true,false,S,Strike - Swinging,0,1,,,,3.359,1.7,,106.44,122.58,,,,,,,,,,,,,,"54",atBat,Strikeout,strikeout,Eric Fryer strikes out swinging.,0,9,1,54,top,7,"2017-03-31T01:58:20.000Z","2017-03-31T02:01:24.000Z",true,false,false,true,14,0,3,2,518700,Eric Fryer,/api/v1/people/518700,R,Right,643361,Kevin Herget,/api/v1/people/643361,R,Right,vs_RHP,vs_RHB,Empty,,Memphis Redbirds,11,Triple-A,138,St. Louis Cardinals,112,Pacific Coast League,St. Louis Cardinals,1,Major League Baseball,,,104,National League,St. Louis Cardinals,Memphis Redbirds,false,,,,,,,,,,,,,,,,,,,,,,,,,,,,,,,,,,,true,594824,Greg Garcia,/api/v1/people/594824,,,,,,,,,,,,,,,,,2017.0
"49",502128.0,"2017-03-31",0,"2017-03-31T01:58:15.000Z","2017-03-31T01:58:19.000Z",true,pitch,"05021286-0546-0013-000c-f08cd117d70a",1,"In play, out(s)",,,,,false,X,"rgba(26, 86, 190, 1.0)",true,false,false,X,Hit Into Play - Out(s),0,0,,,,3.359,1.7,,116.11,115.86,ground_ball,medium,"3",156.72,161.69,,,,,,,,,"53",atBat,Groundout,field_out,Wilfredo Tovar grounds out to first baseman Luke Voit.,0,9,1,53,top,7,"2017-03-31T01:55:42.000Z","2017-03-31T01:58:19.000Z",true,false,false,true,0,0,0,1,541600,Wilfredo Tovar,/api/v1/people/541600,R,Right,643361,Kevin Herget,/api/v1/people/643361,R,Right,vs_RHP,vs_RHB,Empty,,Memphis Redbirds,11,Triple-A,138,St. Louis Cardinals,112,Pacific Coast League,St. Louis Cardinals,1,Major League Baseball,,,104,National League,St. Louis Cardinals,Memphis Redbirds,true,,,,,,,,,,,,,,,,,,,,,,,,,,,,,,,,,,,true,594824,Greg Garcia,/api/v1/people/594824,,,,,,,,,,,,,,,,,2017.0
"50",502128.0,"2017-03-31",2,"2017-03-31T01:55:38.000Z","2017-03-31T01:55:40.000Z",true,pitch,"05021286-0536-0033-000c-f08cd117d70a",3,Swinging Strike,,,,,false,S,"rgba(170, 21, 11, 1.0)",false,true,false,S,Strike - Swinging,0,3,,,,3.359,1.7,,92.8,84.69,,,,,,,,,,,,,,"52",atBat,Strikeout,strikeout,Patrick Wisdom strikes out swinging.,0,9,1,52,bottom,6,"2017-03-31T01:52:07.000Z","2017-03-31T01:55:40.000Z",true,false,false,true,14,0,3,3,621550,Patrick Wisdom,/api/v1/people/621550,R,Right,592858,Rowan Wick,/api/v1/people/592858,R,Right,vs_RHP,vs_RHB,Empty,,Memphis Redbirds,11,Triple-A,138,St. Louis Cardinals,112,Pacific Coast League,St. Louis Cardinals,1,Major League Baseball,,,104,National League,Memphis Redbirds,St. Louis Cardinals,true,,,,,,,,,,,,,,,,,,,,,,,,,,,,,,,,,,,false,594824,Greg Garcia,/api/v1/people/594824,,,,,,,,,,,,,,,,,2017.0
"51",502128.0,"2017-03-31",1,"2017-03-31T01:55:36.000Z","2017-03-31T01:55:38.000Z",true,pitch,"05021286-0536-0023-000c-f08cd117d70a",2,Swinging Strike,,,,,false,S,"rgba(170, 21, 11, 1.0)",false,true,false,S,Strike - Swinging,0,2,,,,3.359,1.7,,67.21,84.07,,,,,,,,,,,,,,"52",atBat,Strikeout,strikeout,Patrick Wisdom strikes out swinging.,0,9,1,52,bottom,6,"2017-03-31T01:52:07.000Z","2017-03-31T01:55:40.000Z",true,false,false,true,14,0,3,3,621550,Patrick Wisdom,/api/v1/people/621550,R,Right,592858,Rowan Wick,/api/v1/people/592858,R,Right,vs_RHP,vs_RHB,Empty,,Memphis Redbirds,11,Triple-A,138,St. Louis Cardinals,112,Pacific Coast League,St. Louis Cardinals,1,Major League Baseball,,,104,National League,Memphis Redbirds,St. Louis Cardinals,false,,,,,,,,,,,,,,,,,,,,,,,,,,,,,,,,,,,false,594824,Greg Garcia,/api/v1/people/594824,,,,,,,,,,,,,,,,,2017.0
"52",502128.0,"2017-03-31",0,"2017-03-31T01:55:34.000Z","2017-03-31T01:55:36.000Z",true,pitch,"05021286-0536-0013-000c-f08cd117d70a",1,Swinging Strike,,,,,false,S,"rgba(170, 21, 11, 1.0)",false,true,false,S,Strike - Swinging,0,1,,,,3.359,1.7,,108.72,117.08,,,,,,,,,,,,,,"52",atBat,Strikeout,strikeout,Patrick Wisdom strikes out swinging.,0,9,1,52,bottom,6,"2017-03-31T01:52:07.000Z","2017-03-31T01:55:40.000Z",true,false,false,true,14,0,3,3,621550,Patrick Wisdom,/api/v1/people/621550,R,Right,592858,Rowan Wick,/api/v1/people/592858,R,Right,vs_RHP,vs_RHB,Empty,,Memphis Redbirds,11,Triple-A,138,St. Louis Cardinals,112,Pacific Coast League,St. Louis Cardinals,1,Major League Baseball,,,104,National League,Memphis Redbirds,St. Louis Cardinals,false,,,,,,,,,,,,,,,,,,,,,,,,,,,,,,,,,,,false,594824,Greg Garcia,/api/v1/people/594824,,,,,,,,,,,,,,,,,2017.0
"53",502128.0,"2017-03-31",0,"2017-03-31T01:52:02.000Z","2017-03-31T01:52:06.000Z",true,pitch,"05021286-0526-0013-000c-f08cd117d70a",1,"In play, out(s)",,,,,false,X,"rgba(26, 86, 190, 1.0)",true,false,false,X,Hit Into Play - Out(s),0,0,,,,3.359,1.7,,113.84,101.19,fly_ball,medium,"7",69.58,96.34,,,,,,,,,"51",atBat,Flyout,field_out,Luke Voit flies out to left fielder Matt Adams.,0,9,1,51,bottom,6,"2017-03-31T01:50:59.000Z","2017-03-31T01:52:06.000Z",true,false,false,true,0,0,0,2,572228,Luke Voit,/api/v1/people/572228,R,Right,592858,Rowan Wick,/api/v1/people/592858,R,Right,vs_RHP,vs_RHB,Empty,,Memphis Redbirds,11,Triple-A,138,St. Louis Cardinals,112,Pacific Coast League,St. Louis Cardinals,1,Major League Baseball,,,104,National League,Memphis Redbirds,St. Louis Cardinals,true,,,,,,,,,,,,,,,,,,,,,,,,,,,,,,,,,,,false,594824,Greg Garcia,/api/v1/people/594824,,,,,,,,,,,,,,,,,2017.0
"54",502128.0,"2017-03-31",3,"2017-03-31T01:50:57.000Z","2017-03-31T01:50:58.000Z",true,pitch,"05021286-0516-0033-000c-f08cd117d70a",3,Swinging Strike,,,,,false,S,"rgba(170, 21, 11, 1.0)",false,true,false,S,Strike - Swinging,0,3,,,,3.359,1.7,,84.27,95.08,,,,,,,,,,,,,,"50",atBat,Strikeout,strikeout,Tommy Pham strikes out swinging.,0,9,1,50,bottom,6,"2017-03-31T01:46:35.000Z","2017-03-31T01:50:58.000Z",true,false,false,true,14,0,3,1,502054,Tommy Pham,/api/v1/people/502054,R,Right,592858,Rowan Wick,/api/v1/people/592858,R,Right,vs_RHP,vs_RHB,Empty,,Memphis Redbirds,11,Triple-A,138,St. Louis Cardinals,112,Pacific Coast League,St. Louis Cardinals,1,Major League Baseball,,,104,National League,Memphis Redbirds,St. Louis Cardinals,,,,,,,,,,,,,,,,,,,,,,,,,,,,,,,,,,,,false,594824,Greg Garcia,/api/v1/people/594824,,,,,,,,,,,,,,,,,2017.0
"55",502128.0,"2017-03-31",2,"2017-03-31T01:50:55.000Z","2017-03-31T01:50:57.000Z",true,pitch,"05021286-0516-0023-000c-f08cd117d70a",2,Swinging Strike,,,,,false,S,"rgba(170, 21, 11, 1.0)",false,true,false,S,Strike - Swinging,0,2,,,,3.359,1.7,,100.19,82.24,,,,,,,,,,,,,,"50",atBat,Strikeout,strikeout,Tommy Pham strikes out swinging.,0,9,1,50,bottom,6,"2017-03-31T01:46:35.000Z","2017-03-31T01:50:58.000Z",true,false,false,true,14,0,3,1,502054,Tommy Pham,/api/v1/people/502054,R,Right,592858,Rowan Wick,/api/v1/people/592858,R,Right,vs_RHP,vs_RHB,Empty,,Memphis Redbirds,11,Triple-A,138,St. Louis Cardinals,112,Pacific Coast League,St. Louis Cardinals,1,Major League Baseball,,,104,National League,Memphis Redbirds,St. Louis Cardinals,,,,,,,,,,,,,,,,,,,,,,,,,,,,,,,,,,,,false,594824,Greg Garcia,/api/v1/people/594824,,,,,,,,,,,,,,,,,2017.0
"56",502128.0,"2017-03-31",1,"2017-03-31T01:50:52.000Z","2017-03-31T01:50:55.000Z",true,pitch,"05021286-0516-0013-000c-f08cd117d70a",1,Swinging Strike,,,,,false,S,"rgba(170, 21, 11, 1.0)",false,true,false,S,Strike - Swinging,0,1,,,,3.359,1.7,,113.84,121.97,,,,,,,,,,,,,,"50",atBat,Strikeout,strikeout,Tommy Pham strikes out swinging.,0,9,1,50,bottom,6,"2017-03-31T01:46:35.000Z","2017-03-31T01:50:58.000Z",true,false,false,true,14,0,3,1,502054,Tommy Pham,/api/v1/people/502054,R,Right,592858,Rowan Wick,/api/v1/people/592858,R,Right,vs_RHP,vs_RHB,Empty,,Memphis Redbirds,11,Triple-A,138,St. Louis Cardinals,112,Pacific Coast League,St. Louis Cardinals,1,Major League Baseball,,,104,National League,Memphis Redbirds,St. Louis Cardinals,,,,,,,,,,,,,,,,,,,,,,,,,,,,,,,,,,,,false,594824,Greg Garcia,/api/v1/people/594824,,,,,,,,,,,,,,,,,2017.0
"57",502128.0,"2017-03-31",0,"2017-03-31T01:47:33.000Z","2017-03-31T01:50:52.000Z",false,action,,,Pitching Change: Rowan Wick replaces Sam Tuivailala.,Pitching Substitution,9,1,false,false,,,,,,,,0,0,0,592858,/api/v1/people/592858,,,,,,,,,,,,pitching_substitution,,"1",Pitcher,Pitcher,P,,"50",atBat,Strikeout,strikeout,Tommy Pham strikes out swinging.,0,9,1,50,bottom,6,"2017-03-31T01:46:35.000Z","2017-03-31T01:50:58.000Z",true,false,false,true,14,0,3,1,502054,Tommy Pham,/api/v1/people/502054,R,Right,592858,Rowan Wick,/api/v1/people/592858,R,Right,vs_RHP,vs_RHB,Empty,,Memphis Redbirds,11,Triple-A,138,St. Louis Cardinals,112,Pacific Coast League,St. Louis Cardinals,1,Major League Baseball,,,104,National League,Memphis Redbirds,St. Louis Cardinals,,,,,,,,,,,,,,,,,,,,,,,,,,,,,,,,,,,,false,594824,Greg Garcia,/api/v1/people/594824,,,,,,,,,,,,,,,,,2017.0
"58",502128.0,"2017-03-31",0,"2017-03-31T01:46:29.000Z","2017-03-31T01:46:32.000Z",true,pitch,"05021286-0506-0013-000c-f08cd117d70a",1,"In play, out(s)",,,,,false,X,"rgba(26, 86, 190, 1.0)",true,false,false,X,Hit Into Play - Out(s),0,0,,,,3.359,1.7,,122.93,81.02,ground_ball,medium,"5",111.34,167.14,,,,,,,,,"49",atBat,Groundout,field_out,"Jose Martinez grounds out, third baseman Patrick Wisdom to first baseman Luke Voit.",0,9,1,49,top,6,"2017-03-31T01:44:36.000Z","2017-03-31T01:46:32.000Z",true,false,false,true,0,0,0,3,500874,Jose Martinez,/api/v1/people/500874,R,Right,643361,Kevin Herget,/api/v1/people/643361,R,Right,vs_RHP,vs_RHB,Empty,,Memphis Redbirds,11,Triple-A,138,St. Louis Cardinals,112,Pacific Coast League,St. Louis Cardinals,1,Major League Baseball,,,104,National League,St. Louis Cardinals,Memphis Redbirds,true,,,,,,,,,,,,,,,,,,,,,,,,,,,,,,,,,,,true,594824,Greg Garcia,/api/v1/people/594824,,,,,,,,,,,,,,,,,2017.0
"59",502128.0,"2017-03-31",0,"2017-03-31T01:44:31.000Z","2017-03-31T01:44:35.000Z",true,pitch,"05021286-0496-0013-000c-f08cd117d70a",1,"In play, out(s)",,,,,false,X,"rgba(26, 86, 190, 1.0)",true,false,false,X,Hit Into Play - Out(s),0,0,,,,3.359,1.7,,104.17,105.47,ground_ball,medium,"5",110.73,164.72,,,,,,,,,"48",atBat,Groundout,field_out,"Paul DeJong grounds out, third baseman Patrick Wisdom to first baseman Luke Voit.",0,9,1,48,top,6,"2017-03-31T01:44:28.000Z","2017-03-31T01:44:35.000Z",true,false,false,true,0,0,0,2,657557,Paul DeJong,/api/v1/people/657557,R,Right,643361,Kevin Herget,/api/v1/people/643361,R,Right,vs_RHP,vs_RHB,Empty,,Memphis Redbirds,11,Triple-A,138,St. Louis Cardinals,112,Pacific Coast League,St. Louis Cardinals,1,Major League Baseball,,,104,National League,St. Louis Cardinals,Memphis Redbirds,true,,,,,,,,,,,,,,,,,,,,,,,,,,,,,,,,,,,true,594824,Greg Garcia,/api/v1/people/594824,,,,,,,,,,,,,,,,,2017.0
"60",502128.0,"2017-03-31",1,"2017-03-31T01:44:24.000Z","2017-03-31T01:44:27.000Z",true,pitch,"05021286-0486-0013-000c-f08cd117d70a",1,"In play, out(s)",,,,,false,X,"rgba(26, 86, 190, 1.0)",true,false,false,X,Hit Into Play - Out(s),0,0,,,,3.359,1.7,,104.74,104.86,fly_ball,medium,"8",135.54,69.71,,,,,,,,,"47",atBat,Flyout,field_out,Harrison Bader flies out to center fielder Blake Drake.,0,9,1,47,top,6,"2017-03-31T01:40:58.000Z","2017-03-31T01:44:27.000Z",true,false,false,true,0,0,0,1,664056,Harrison Bader,/api/v1/people/664056,R,Right,643361,Kevin Herget,/api/v1/people/643361,R,Right,vs_RHP,vs_RHB,Empty,,Memphis Redbirds,11,Triple-A,138,St. Louis Cardinals,112,Pacific Coast League,St. Louis Cardinals,1,Major League Baseball,,,104,National League,St. Louis Cardinals,Memphis Redbirds,,,,,,,,,,,,,,,,,,,,,,,,,,,,,,,,,,,,true,594824,Greg Garcia,/api/v1/people/594824,,,,,,,,,,,,,,,,,2017.0
"61",502128.0,"2017-03-31",0,"2017-03-31T01:44:16.000Z","2017-03-31T01:44:24.000Z",false,action,,,"Defensive Substitution: Luis Cruz replaces catcher Carson Kelly, batting 7th, playing catcher.",Defensive Sub,9,1,false,false,,,,,,,,0,0,0,606133,/api/v1/people/606133,,,,,,,,,,,,defensive_substitution,,"2",Catcher,Catcher,C,"701","47",atBat,Flyout,field_out,Harrison Bader flies out to center fielder Blake Drake.,0,9,1,47,top,6,"2017-03-31T01:40:58.000Z","2017-03-31T01:44:27.000Z",true,false,false,true,0,0,0,1,664056,Harrison Bader,/api/v1/people/664056,R,Right,643361,Kevin Herget,/api/v1/people/643361,R,Right,vs_RHP,vs_RHB,Empty,,Memphis Redbirds,11,Triple-A,138,St. Louis Cardinals,112,Pacific Coast League,St. Louis Cardinals,1,Major League Baseball,,,104,National League,St. Louis Cardinals,Memphis Redbirds,,,,,,,,,,,,,,,,,,,,,,,,,,,,,,,,,,,,true,594824,Greg Garcia,/api/v1/people/594824,,,,,,,,,,,,,,,,,2017.0
"62",502128.0,"2017-03-31",0,"2017-03-31T01:40:52.000Z","2017-03-31T01:40:56.000Z",true,pitch,"05021286-0476-0013-000c-f08cd117d70a",1,"In play, out(s)",,,,,false,X,"rgba(26, 86, 190, 1.0)",true,false,false,X,Hit Into Play - Out(s),0,0,,,,3.359,1.7,,109.29,98.13,ground_ball,medium,"6",109.52,149.59,,,,,,,,,"46",atBat,Groundout,field_out,"Alex Mejia grounds out, shortstop Paul DeJong to first baseman Jose Martinez.",0,9,1,46,bottom,5,"2017-03-31T01:39:57.000Z","2017-03-31T01:40:56.000Z",true,false,false,true,0,0,0,3,622270,Alex Mejia,/api/v1/people/622270,R,Right,592815,Sam Tuivailala,/api/v1/people/592815,R,Right,vs_RHP,vs_RHB,Empty,,Memphis Redbirds,11,Triple-A,138,St. Louis Cardinals,112,Pacific Coast League,St. Louis Cardinals,1,Major League Baseball,,,104,National League,Memphis Redbirds,St. Louis Cardinals,true,,,,,,,,,,,,,,,,,,,,,,,,,,,,,,,,,,,false,594824,Greg Garcia,/api/v1/people/594824,,,,,,,,,,,,,,,,,2017.0
"63",502128.0,"2017-03-31",0,"2017-03-31T01:39:53.000Z","2017-03-31T01:39:57.000Z",true,pitch,"05021286-0466-0013-000c-f08cd117d70a",1,"In play, out(s)",,,,,false,X,"rgba(26, 86, 190, 1.0)",true,false,false,X,Hit Into Play - Out(s),0,0,,,,3.359,1.7,,136.58,112.8,fly_ball,medium,"9",188.19,110.86,,,,,,,,,"45",atBat,Flyout,field_out,Blake Drake flies out to right fielder Chad Huffman.,0,9,1,45,bottom,5,"2017-03-31T01:39:40.000Z","2017-03-31T01:39:57.000Z",true,false,false,true,0,0,0,2,656383,Blake Drake,/api/v1/people/656383,R,Right,592815,Sam Tuivailala,/api/v1/people/592815,R,Right,vs_RHP,vs_RHB,Empty,,Memphis Redbirds,11,Triple-A,138,St. Louis Cardinals,112,Pacific Coast League,St. Louis Cardinals,1,Major League Baseball,,,104,National League,Memphis Redbirds,St. Louis Cardinals,true,,,,,,,,,,,,,,,,,,,,,,,,,,,,,,,,,,,false,594824,Greg Garcia,/api/v1/people/594824,,,,,,,,,,,,,,,,,2017.0
"64",502128.0,"2017-03-31",5,"2017-03-31T01:39:36.000Z","2017-03-31T01:39:39.000Z",true,pitch,"05021286-0456-0013-000c-f08cd117d70a",1,"In play, out(s)",,,,,false,X,"rgba(26, 86, 190, 1.0)",true,false,false,X,Hit Into Play - Out(s),0,0,,,,3.359,1.7,,100.19,108.53,fly_ball,medium,"8",117.99,70.92,,,,,,,,,"44",atBat,Flyout,field_out,Breyvic Valera flies out to center fielder Harrison Bader.,0,9,1,44,bottom,5,"2017-03-31T01:37:48.000Z","2017-03-31T01:39:39.000Z",true,false,false,true,0,0,0,1,591971,Breyvic Valera,/api/v1/people/591971,L,Left,592815,Sam Tuivailala,/api/v1/people/592815,R,Right,vs_RHP,vs_LHB,Empty,,Memphis Redbirds,11,Triple-A,138,St. Louis Cardinals,112,Pacific Coast League,St. Louis Cardinals,1,Major League Baseball,,,104,National League,Memphis Redbirds,St. Louis Cardinals,,,,,,,,,,,,,,,,,,,,,,,,,,,,,,,,,,,,false,594824,Greg Garcia,/api/v1/people/594824,,,,,,,,,,,,,,,,,2017.0
"65",502128.0,"2017-03-31",0,"2017-03-31T01:37:49.000Z","2017-03-31T01:37:50.000Z",false,action,,,Wilfredo Tovar remains in the game as the third baseman.,Defensive Switch,9,1,false,false,,,,,,,,0,0,0,541600,/api/v1/people/541600,,,,,,,,,,,,defensive_switch,,"5",Third Base,Infielder,"3B","401","44",atBat,Flyout,field_out,Breyvic Valera flies out to center fielder Harrison Bader.,0,9,1,44,bottom,5,"2017-03-31T01:37:48.000Z","2017-03-31T01:39:39.000Z",true,false,false,true,0,0,0,1,591971,Breyvic Valera,/api/v1/people/591971,L,Left,592815,Sam Tuivailala,/api/v1/people/592815,R,Right,vs_RHP,vs_LHB,Empty,,Memphis Redbirds,11,Triple-A,138,St. Louis Cardinals,112,Pacific Coast League,St. Louis Cardinals,1,Major League Baseball,,,104,National League,Memphis Redbirds,St. Louis Cardinals,,,,,,,,,,,,,,,,,,,,,,,,,,,,,,,,,,,,false,594824,Greg Garcia,/api/v1/people/594824,,,,,,,,,,,,,,,,,2017.0
"66",502128.0,"2017-03-31",1,"2017-03-31T01:37:50.000Z","2017-03-31T01:37:51.000Z",false,action,,,"Defensive Substitution: Eric Fryer replaces catcher Yadier Molina, batting 5th, playing catcher.",Defensive Sub,9,1,false,false,,,,,,,,0,0,0,518700,/api/v1/people/518700,,,,,,,,,,,,defensive_substitution,,"2",Catcher,Catcher,C,"501","44",atBat,Flyout,field_out,Breyvic Valera flies out to center fielder Harrison Bader.,0,9,1,44,bottom,5,"2017-03-31T01:37:48.000Z","2017-03-31T01:39:39.000Z",true,false,false,true,0,0,0,1,591971,Breyvic Valera,/api/v1/people/591971,L,Left,592815,Sam Tuivailala,/api/v1/people/592815,R,Right,vs_RHP,vs_LHB,Empty,,Memphis Redbirds,11,Triple-A,138,St. Louis Cardinals,112,Pacific Coast League,St. Louis Cardinals,1,Major League Baseball,,,104,National League,Memphis Redbirds,St. Louis Cardinals,,,,,,,,,,,,,,,,,,,,,,,,,,,,,,,,,,,,false,594824,Greg Garcia,/api/v1/people/594824,,,,,,,,,,,,,,,,,2017.0
"67",502128.0,"2017-03-31",2,"2017-03-31T01:37:51.000Z","2017-03-31T01:37:52.000Z",false,action,,,Chad Huffman remains in the game as the right fielder.,Defensive Switch,9,1,false,false,,,,,,,,0,0,0,502151,/api/v1/people/502151,,,,,,,,,,,,defensive_switch,,"9",Outfielder,Outfielder,RF,"701","44",atBat,Flyout,field_out,Breyvic Valera flies out to center fielder Harrison Bader.,0,9,1,44,bottom,5,"2017-03-31T01:37:48.000Z","2017-03-31T01:39:39.000Z",true,false,false,true,0,0,0,1,591971,Breyvic Valera,/api/v1/people/591971,L,Left,592815,Sam Tuivailala,/api/v1/people/592815,R,Right,vs_RHP,vs_LHB,Empty,,Memphis Redbirds,11,Triple-A,138,St. Louis Cardinals,112,Pacific Coast League,St. Louis Cardinals,1,Major League Baseball,,,104,National League,Memphis Redbirds,St. Louis Cardinals,,,,,,,,,,,,,,,,,,,,,,,,,,,,,,,,,,,,false,594824,Greg Garcia,/api/v1/people/594824,,,,,,,,,,,,,,,,,2017.0
"68",502128.0,"2017-03-31",3,"2017-03-31T01:37:52.000Z","2017-03-31T01:37:53.000Z",false,action,,,Alberto Rosario remains in the game as the designated hitter.,Defensive Switch,9,1,false,false,,,,,,,,0,0,0,451705,/api/v1/people/451705,,,,,,,,,,,,defensive_switch,,"10",Designated Hitter,Hitter,DH,"801","44",atBat,Flyout,field_out,Breyvic Valera flies out to center fielder Harrison Bader.,0,9,1,44,bottom,5,"2017-03-31T01:37:48.000Z","2017-03-31T01:39:39.000Z",true,false,false,true,0,0,0,1,591971,Breyvic Valera,/api/v1/people/591971,L,Left,592815,Sam Tuivailala,/api/v1/people/592815,R,Right,vs_RHP,vs_LHB,Empty,,Memphis Redbirds,11,Triple-A,138,St. Louis Cardinals,112,Pacific Coast League,St. Louis Cardinals,1,Major League Baseball,,,104,National League,Memphis Redbirds,St. Louis Cardinals,,,,,,,,,,,,,,,,,,,,,,,,,,,,,,,,,,,,false,594824,Greg Garcia,/api/v1/people/594824,,,,,,,,,,,,,,,,,2017.0
"69",502128.0,"2017-03-31",4,"2017-03-31T01:37:53.000Z","2017-03-31T01:39:36.000Z",false,action,,,"Defensive Substitution: Greg Garcia replaces second baseman Kolten Wong, batting 9th, playing second base.",Defensive Sub,9,1,false,false,,,,,,,,0,0,0,594824,/api/v1/people/594824,,,,,,,,,,,,defensive_substitution,,"4",Second Base,Infielder,"2B","901","44",atBat,Flyout,field_out,Breyvic Valera flies out to center fielder Harrison Bader.,0,9,1,44,bottom,5,"2017-03-31T01:37:48.000Z","2017-03-31T01:39:39.000Z",true,false,false,true,0,0,0,1,591971,Breyvic Valera,/api/v1/people/591971,L,Left,592815,Sam Tuivailala,/api/v1/people/592815,R,Right,vs_RHP,vs_LHB,Empty,,Memphis Redbirds,11,Triple-A,138,St. Louis Cardinals,112,Pacific Coast League,St. Louis Cardinals,1,Major League Baseball,,,104,National League,Memphis Redbirds,St. Louis Cardinals,,,,,,,,,,,,,,,,,,,,,,,,,,,,,,,,,,,,false,594824,Greg Garcia,/api/v1/people/594824,,,,,,,,,,,,,,,,,2017.0
"70",502128.0,"2017-03-31",1,"2017-03-31T01:35:01.000Z","2017-03-31T01:35:08.000Z",true,pitch,"05021286-0446-0013-000c-f08cd117d70a",1,"In play, out(s)",,,,,false,X,"rgba(26, 86, 190, 1.0)",true,false,false,X,Hit Into Play - Out(s),0,0,,,,3.359,1.7,,114.4,99.36,ground_ball,medium,"4",151.88,154.43,,,,,,,,,"43",atBat,Grounded Into DP,grounded_into_double_play,"Kolten Wong grounds into a double play, second baseman Breyvic Valera to shortstop Alex Mejia to first baseman Luke Voit.   Alberto Rosario out at 2nd.",0,9,1,43,top,5,"2017-03-31T01:33:09.000Z","2017-03-31T01:35:08.000Z",true,false,false,true,24,0,0,3,543939,Kolten Wong,/api/v1/people/543939,L,Left,643361,Kevin Herget,/api/v1/people/643361,R,Right,vs_RHP,vs_LHB,Empty,,Memphis Redbirds,11,Triple-A,138,St. Louis Cardinals,112,Pacific Coast League,St. Louis Cardinals,1,Major League Baseball,,,104,National League,St. Louis Cardinals,Memphis Redbirds,,,,,,,,,,,,,,,,,,,,,,,,,,,,,,,,,,,,true,594824,Greg Garcia,/api/v1/people/594824,,,,,,,,,,,,,,,,,2017.0
"71",502128.0,"2017-03-31",0,"2017-03-31T01:33:29.000Z","2017-03-31T01:35:01.000Z",false,action,,,Offensive Substitution: Pinch-runner Alberto Rosario replaces Jedd Gyorko.,Offensive Substitution,9,1,false,false,,,,,,,,0,0,1,451705,/api/v1/people/451705,,,,,,,,,,,,offensive_substitution,,"12",Pinch Runner,Runner,PR,"801","43",atBat,Grounded Into DP,grounded_into_double_play,"Kolten Wong grounds into a double play, second baseman Breyvic Valera to shortstop Alex Mejia to first baseman Luke Voit.   Alberto Rosario out at 2nd.",0,9,1,43,top,5,"2017-03-31T01:33:09.000Z","2017-03-31T01:35:08.000Z",true,false,false,true,24,0,0,3,543939,Kolten Wong,/api/v1/people/543939,L,Left,643361,Kevin Herget,/api/v1/people/643361,R,Right,vs_RHP,vs_LHB,Empty,,Memphis Redbirds,11,Triple-A,138,St. Louis Cardinals,112,Pacific Coast League,St. Louis Cardinals,1,Major League Baseball,,,104,National League,St. Louis Cardinals,Memphis Redbirds,,,,,,,,,,,,,,,,,,,,,,,,,,,,,,,,,,,,true,594824,Greg Garcia,/api/v1/people/594824,,,,,,,,,,1,,,,,,,2017.0
"72",502128.0,"2017-03-31",5,"2017-03-31T01:33:07.000Z","2017-03-31T01:33:09.000Z",true,pitch,"05021286-0436-0043-000c-f08cd117d70a",4,Ball,,,,,false,B,"rgba(39, 161, 39, 1.0)",false,false,true,B,Ball - Called,4,0,,,,3.359,1.7,,62.66,63.9,,,,,,,,,,,,,,"42",atBat,Walk,walk,Jedd Gyorko walks.   Matt Adams to 3rd.    Chad Huffman to 2nd.,0,9,1,42,top,5,"2017-03-31T01:28:49.000Z","2017-03-31T01:33:09.000Z",true,false,false,false,0,4,0,1,576397,Jedd Gyorko,/api/v1/people/576397,R,Right,643361,Kevin Herget,/api/v1/people/643361,R,Right,vs_RHP,vs_RHB,Loaded,,Memphis Redbirds,11,Triple-A,138,St. Louis Cardinals,112,Pacific Coast League,St. Louis Cardinals,1,Major League Baseball,,,104,National League,St. Louis Cardinals,Memphis Redbirds,,,,,,,,,,,,,,,,,,,,,,,,,,,,,,,,,,,,true,576397,Jedd Gyorko,/api/v1/people/576397,502151,Chad Huffman,/api/v1/people/502151,571431,Matt Adams,/api/v1/people/571431,,,,,,,,,,,2017.0
"73",502128.0,"2017-03-31",4,"2017-03-31T01:33:05.000Z","2017-03-31T01:33:07.000Z",true,pitch,"05021286-0436-0033-000c-f08cd117d70a",3,Ball,,,,,false,B,"rgba(39, 161, 39, 1.0)",false,false,true,B,Ball - Called,3,0,,,,3.359,1.7,,96.21,68.18,,,,,,,,,,,,,,"42",atBat,Walk,walk,Jedd Gyorko walks.   Matt Adams to 3rd.    Chad Huffman to 2nd.,0,9,1,42,top,5,"2017-03-31T01:28:49.000Z","2017-03-31T01:33:09.000Z",true,false,false,false,0,4,0,1,576397,Jedd Gyorko,/api/v1/people/576397,R,Right,643361,Kevin Herget,/api/v1/people/643361,R,Right,vs_RHP,vs_RHB,Loaded,,Memphis Redbirds,11,Triple-A,138,St. Louis Cardinals,112,Pacific Coast League,St. Louis Cardinals,1,Major League Baseball,,,104,National League,St. Louis Cardinals,Memphis Redbirds,,,,,,,,,,,,,,,,,,,,,,,,,,,,,,,,,,,,true,576397,Jedd Gyorko,/api/v1/people/576397,,,,,,,,,,,,,,,,,2017.0
"74",502128.0,"2017-03-31",3,"2017-03-31T01:33:03.000Z","2017-03-31T01:33:05.000Z",true,pitch,"05021286-0436-0023-000c-f08cd117d70a",2,Ball,,,,,false,B,"rgba(39, 161, 39, 1.0)",false,false,true,B,Ball - Called,2,0,,,,3.359,1.7,,80.85,69.4,,,,,,,,,,,,,,"42",atBat,Walk,walk,Jedd Gyorko walks.   Matt Adams to 3rd.    Chad Huffman to 2nd.,0,9,1,42,top,5,"2017-03-31T01:28:49.000Z","2017-03-31T01:33:09.000Z",true,false,false,false,0,4,0,1,576397,Jedd Gyorko,/api/v1/people/576397,R,Right,643361,Kevin Herget,/api/v1/people/643361,R,Right,vs_RHP,vs_RHB,Loaded,,Memphis Redbirds,11,Triple-A,138,St. Louis Cardinals,112,Pacific Coast League,St. Louis Cardinals,1,Major League Baseball,,,104,National League,St. Louis Cardinals,Memphis Redbirds,,,,,,,,,,,,,,,,,,,,,,,,,,,,,,,,,,,,true,576397,Jedd Gyorko,/api/v1/people/576397,,,,,,,,,,,,,,,,,2017.0
"75",502128.0,"2017-03-31",2,"2017-03-31T01:33:01.000Z","2017-03-31T01:33:03.000Z",true,pitch,"05021286-0436-0013-000c-f08cd117d70a",1,Ball,,,,,false,B,"rgba(39, 161, 39, 1.0)",false,false,true,B,Ball - Called,1,0,,,,3.359,1.7,,121.8,52.29,,,,,,,,,,,,,,"42",atBat,Walk,walk,Jedd Gyorko walks.   Matt Adams to 3rd.    Chad Huffman to 2nd.,0,9,1,42,top,5,"2017-03-31T01:28:49.000Z","2017-03-31T01:33:09.000Z",true,false,false,false,0,4,0,1,576397,Jedd Gyorko,/api/v1/people/576397,R,Right,643361,Kevin Herget,/api/v1/people/643361,R,Right,vs_RHP,vs_RHB,Loaded,,Memphis Redbirds,11,Triple-A,138,St. Louis Cardinals,112,Pacific Coast League,St. Louis Cardinals,1,Major League Baseball,,,104,National League,St. Louis Cardinals,Memphis Redbirds,,,,,,,,,,,,,,,,,,,,,,,,,,,,,,,,,,,,true,576397,Jedd Gyorko,/api/v1/people/576397,,,,,,,,,,,,,,,,,2017.0
"76",502128.0,"2017-03-31",0,"2017-03-31T01:29:30.000Z","2017-03-31T01:32:10.000Z",false,action,,,Offensive Substitution: Pinch-runner Chad Huffman replaces Stephen Piscotty.,Offensive Substitution,9,1,false,false,,,,,,,,0,0,1,502151,/api/v1/people/502151,,,,,,,,,,,,offensive_substitution,,"12",Pinch Runner,Runner,PR,"701","42",atBat,Walk,walk,Jedd Gyorko walks.   Matt Adams to 3rd.    Chad Huffman to 2nd.,0,9,1,42,top,5,"2017-03-31T01:28:49.000Z","2017-03-31T01:33:09.000Z",true,false,false,false,0,4,0,1,576397,Jedd Gyorko,/api/v1/people/576397,R,Right,643361,Kevin Herget,/api/v1/people/643361,R,Right,vs_RHP,vs_RHB,Loaded,,Memphis Redbirds,11,Triple-A,138,St. Louis Cardinals,112,Pacific Coast League,St. Louis Cardinals,1,Major League Baseball,,,104,National League,St. Louis Cardinals,Memphis Redbirds,,,,,,,,,,,,,,,,,,,,,,,,,,,,,,,,,,,,true,576397,Jedd Gyorko,/api/v1/people/576397,,,,,,,,,,1,,,,,,,2017.0
"77",502128.0,"2017-03-31",1,"2017-03-31T01:32:10.000Z","2017-03-31T01:33:01.000Z",false,action,,,Pitching Change: Kevin Herget replaces Mike Mayers.,Pitching Substitution,9,1,false,false,,,,,,,,0,0,1,643361,/api/v1/people/643361,,,,,,,,,,,,pitching_substitution,,"1",Pitcher,Pitcher,P,,"42",atBat,Walk,walk,Jedd Gyorko walks.   Matt Adams to 3rd.    Chad Huffman to 2nd.,0,9,1,42,top,5,"2017-03-31T01:28:49.000Z","2017-03-31T01:33:09.000Z",true,false,false,false,0,4,0,1,576397,Jedd Gyorko,/api/v1/people/576397,R,Right,643361,Kevin Herget,/api/v1/people/643361,R,Right,vs_RHP,vs_RHB,Loaded,,Memphis Redbirds,11,Triple-A,138,St. Louis Cardinals,112,Pacific Coast League,St. Louis Cardinals,1,Major League Baseball,,,104,National League,St. Louis Cardinals,Memphis Redbirds,,,,,,,,,,,,,,,,,,,,,,,,,,,,,,,,,,,,true,576397,Jedd Gyorko,/api/v1/people/576397,,,,,,,,,,,,,,,,,2017.0
"78",502128.0,"2017-03-31",0,"2017-03-31T01:28:42.000Z","2017-03-31T01:28:48.000Z",true,pitch,"05021286-0426-0013-000c-f08cd117d70a",1,"In play, run(s)",,,,,false,E,"rgba(26, 86, 190, 1.0)",true,false,false,E,Hit Into Play - Run(s),0,0,,,,3.359,1.7,,103.6,79.18,ground_ball,medium,"7",63.53,113.28,,,,,,,,,"41",atBat,Single,single,Stephen Piscotty singles on a ground ball to left fielder Anthony Garcia.   Wilfredo Tovar scores.    Matt Adams to 2nd.,1,9,1,41,top,5,"2017-03-31T01:26:11.000Z","2017-03-31T01:28:48.000Z",true,true,false,false,33,0,0,1,572039,Stephen Piscotty,/api/v1/people/572039,R,Right,594577,Mike Mayers,/api/v1/people/594577,R,Right,vs_RHP,vs_RHB,RISP,,Memphis Redbirds,11,Triple-A,138,St. Louis Cardinals,112,Pacific Coast League,St. Louis Cardinals,1,Major League Baseball,,,104,National League,St. Louis Cardinals,Memphis Redbirds,true,,,,,,,,,,,,,,,,,,,,,,,,,,,,,,,,,,,true,572039,Stephen Piscotty,/api/v1/people/572039,571431,Matt Adams,/api/v1/people/571431,,,,,,,,,,,,,,2017.0
"79",502128.0,"2017-03-31",0,"2017-03-31T01:25:58.000Z","2017-03-31T01:26:10.000Z",true,pitch,"05021286-0416-0013-000c-f08cd117d70a",1,"In play, no out",,,,,false,D,"rgba(26, 86, 190, 1.0)",true,false,false,D,Hit Into Play - No Out(s),0,0,,,,3.359,1.7,,116.11,96.91,ground_ball,medium,"4",151.88,156.85,,,,,,,,,"40",atBat,Field Error,field_error,Matt Adams reaches on a fielding error by second baseman Breyvic Valera.   Wilfredo Tovar to 3rd.,0,8,1,40,top,5,"2017-03-31T01:23:04.000Z","2017-03-31T01:26:10.000Z",true,false,false,false,0,0,0,1,571431,Matt Adams,/api/v1/people/571431,L,Left,594577,Mike Mayers,/api/v1/people/594577,R,Right,vs_RHP,vs_LHB,RISP,,Memphis Redbirds,11,Triple-A,138,St. Louis Cardinals,112,Pacific Coast League,St. Louis Cardinals,1,Major League Baseball,,,104,National League,St. Louis Cardinals,Memphis Redbirds,true,,,,,,,,,,,,,,,,,,,,,,,,,,,,,,,,,,,true,571431,Matt Adams,/api/v1/people/571431,,,,541600,Wilfredo Tovar,/api/v1/people/541600,,,,,,,,,,,2017.0
"80",502128.0,"2017-03-31",1,"2017-03-31T01:22:59.000Z","2017-03-31T01:23:03.000Z",true,pitch,"05021286-0406-0013-000c-f08cd117d70a",1,"In play, out(s)",,,,,false,X,"rgba(26, 86, 190, 1.0)",true,false,false,X,Hit Into Play - Out(s),0,0,,,,3.359,1.7,,113.27,108.53,fly_ball,medium,"8",127.67,61.24,,,,,,,,,"39",atBat,Flyout,field_out,Yadier Molina flies out to center fielder Blake Drake.,0,8,1,39,top,5,"2017-03-31T01:22:24.000Z","2017-03-31T01:23:03.000Z",true,false,false,true,0,0,0,1,425877,Yadier Molina,/api/v1/people/425877,R,Right,594577,Mike Mayers,/api/v1/people/594577,R,Right,vs_RHP,vs_RHB,Men_On,,Memphis Redbirds,11,Triple-A,138,St. Louis Cardinals,112,Pacific Coast League,St. Louis Cardinals,1,Major League Baseball,,,104,National League,St. Louis Cardinals,Memphis Redbirds,,,,,,,,,,,,,,,,,,,,,,,,,,,,,,,,,,,,true,541600,Wilfredo Tovar,/api/v1/people/541600,,,,,,,,,,,,,,,,,2017.0
"81",502128.0,"2017-03-31",0,"2017-03-31T01:22:34.000Z","2017-03-31T01:22:59.000Z",false,action,,,Offensive Substitution: Pinch-runner Wilfredo Tovar replaces Jhonny Peralta.,Offensive Substitution,8,1,false,false,,,,,,,,0,0,0,541600,/api/v1/people/541600,,,,,,,,,,,,offensive_substitution,,"12",Pinch Runner,Runner,PR,"401","39",atBat,Flyout,field_out,Yadier Molina flies out to center fielder Blake Drake.,0,8,1,39,top,5,"2017-03-31T01:22:24.000Z","2017-03-31T01:23:03.000Z",true,false,false,true,0,0,0,1,425877,Yadier Molina,/api/v1/people/425877,R,Right,594577,Mike Mayers,/api/v1/people/594577,R,Right,vs_RHP,vs_RHB,Men_On,,Memphis Redbirds,11,Triple-A,138,St. Louis Cardinals,112,Pacific Coast League,St. Louis Cardinals,1,Major League Baseball,,,104,National League,St. Louis Cardinals,Memphis Redbirds,,,,,,,,,,,,,,,,,,,,,,,,,,,,,,,,,,,,true,541600,Wilfredo Tovar,/api/v1/people/541600,,,,,,,,,,1,,,,,,,2017.0
"82",502128.0,"2017-03-31",1,"2017-03-31T01:22:18.000Z","2017-03-31T01:22:22.000Z",true,pitch,"05021286-0396-0013-000c-f08cd117d70a",1,"In play, no out",,,,,false,D,"rgba(26, 86, 190, 1.0)",true,false,false,D,Hit Into Play - No Out(s),0,0,,,,3.359,1.7,,111.56,82.24,line_drive,medium,"9",166.4,109.04,,,,,,,,,"38",atBat,Single,single,Jhonny Peralta singles on a line drive to right fielder Tommy Pham.,0,8,1,38,top,5,"2017-03-31T01:22:16.000Z","2017-03-31T01:22:22.000Z",true,false,false,false,33,0,0,0,425509,Jhonny Peralta,/api/v1/people/425509,R,Right,594577,Mike Mayers,/api/v1/people/594577,R,Right,vs_RHP,vs_RHB,Men_On,,Memphis Redbirds,11,Triple-A,138,St. Louis Cardinals,112,Pacific Coast League,St. Louis Cardinals,1,Major League Baseball,,,104,National League,St. Louis Cardinals,Memphis Redbirds,,,,,,,,,,,,,,,,,,,,,,,,,,,,,,,,,,,,true,425509,Jhonny Peralta,/api/v1/people/425509,,,,,,,,,,,,,,,,,2017.0
"83",502128.0,"2017-03-31",0,"2017-03-31T01:22:17.000Z","2017-03-31T01:22:18.000Z",false,action,,,Todd Cunningham remains in the game as the designated hitter.,Defensive Switch,8,1,false,false,,,,,,,,0,0,0,592239,/api/v1/people/592239,,,,,,,,,,,,defensive_switch,,"10",Designated Hitter,Hitter,DH,"601","38",atBat,Single,single,Jhonny Peralta singles on a line drive to right fielder Tommy Pham.,0,8,1,38,top,5,"2017-03-31T01:22:16.000Z","2017-03-31T01:22:22.000Z",true,false,false,false,33,0,0,0,425509,Jhonny Peralta,/api/v1/people/425509,R,Right,594577,Mike Mayers,/api/v1/people/594577,R,Right,vs_RHP,vs_RHB,Men_On,,Memphis Redbirds,11,Triple-A,138,St. Louis Cardinals,112,Pacific Coast League,St. Louis Cardinals,1,Major League Baseball,,,104,National League,St. Louis Cardinals,Memphis Redbirds,,,,,,,,,,,,,,,,,,,,,,,,,,,,,,,,,,,,true,425509,Jhonny Peralta,/api/v1/people/425509,,,,,,,,,,,,,,,,,2017.0
"62236",505513.0,"2017-04-14",0,"2017-04-14T02:25:36.000Z","2017-04-14T02:27:36.000Z",false,action,,,Pitching Change: Roberto Gomez replaces Kraig Sitton.,Pitching Substitution,0,4,false,false,,,,,,,,0,0,0,596816,/api/v1/people/596816,,,,,,,,,,,,pitching_substitution,,"1",Pitcher,Pitcher,P,,"54",atBat,Flyout,field_out,Shane Robinson flies out to left fielder Jae-Gyun Hwang.,0,0,4,54,bottom,7,"2017-04-14T02:25:35.000Z","2017-04-14T02:28:52.000Z",true,false,false,true,0,3,1,1,453203,Shane Robinson,/api/v1/people/453203,R,Right,596816,Roberto  Gomez,/api/v1/people/596816,R,Right,vs_RHP,vs_RHB,Empty,,Salt Lake Bees,11,Triple-A,108,Los Angeles Angels,112,Pacific Coast League,Sacramento River Cats,11,Triple-A,137,San Francisco Giants,112,Pacific Coast League,Salt Lake Bees,Sacramento River Cats,,,,,,,,,,,,,,,,,,,,,,,,,,,,,,,,,,,,false,,,,,,,,,,,,,,,,,,,,2017.0
"84",502128.0,"2017-03-31",0,"2017-03-31T01:18:42.000Z","2017-03-31T01:18:49.000Z",true,pitch,"05021286-0386-0013-000c-f08cd117d70a",1,"In play, out(s)",,,,,false,X,"rgba(26, 86, 190, 1.0)",true,false,false,X,Hit Into Play - Out(s),0,0,,,,3.359,1.7,,122.36,106.08,ground_ball,medium,"6",117.99,155.03,,,,,,,,,"37",atBat,Grounded Into DP,grounded_into_double_play,"Anthony Garcia grounds into a double play, shortstop Paul DeJong to second baseman Kolten Wong to first baseman Jose Martinez.   Carson Kelly out at 2nd.",0,8,1,37,bottom,4,"2017-03-31T01:18:12.000Z","2017-03-31T01:18:49.000Z",true,false,false,true,24,0,0,3,571685,Anthony Garcia,/api/v1/people/571685,R,Right,592815,Sam Tuivailala,/api/v1/people/592815,R,Right,vs_RHP,vs_RHB,Empty,,Memphis Redbirds,11,Triple-A,138,St. Louis Cardinals,112,Pacific Coast League,St. Louis Cardinals,1,Major League Baseball,,,104,National League,Memphis Redbirds,St. Louis Cardinals,true,,,,,,,,,,,,,,,,,,,,,,,,,,,,,,,,,,,false,425509,Jhonny Peralta,/api/v1/people/425509,,,,,,,,,,,,,,,,,2017.0
"85",502128.0,"2017-03-31",0,"2017-03-31T01:18:11.000Z","2017-03-31T01:18:11.000Z",true,pitch,"05021286-0376-0013-000c-f08cd117d70a",1,Hit By Pitch,,,,,false,H,"rgba(39, 161, 39, 1.0)",false,false,true,H,Ball - Hit by Pitch,1,0,,,,3.359,1.7,,107.01,101.19,,,,,,,,,,,,,,"36",atBat,Hit By Pitch,hit_by_pitch,Carson Kelly hit by pitch.    Luke Voit scores.    Patrick Wisdom to 3rd.    Todd Cunningham to 2nd.,1,8,1,36,bottom,4,"2017-03-31T01:18:06.000Z","2017-03-31T01:18:11.000Z",true,true,false,false,11,1,0,1,608348,Carson Kelly,/api/v1/people/608348,R,Right,592815,Sam Tuivailala,/api/v1/people/592815,R,Right,vs_RHP,vs_RHB,Loaded,,Memphis Redbirds,11,Triple-A,138,St. Louis Cardinals,112,Pacific Coast League,St. Louis Cardinals,1,Major League Baseball,,,104,National League,Memphis Redbirds,St. Louis Cardinals,true,,,,,,,,,,,,,,,,,,,,,,,,,,,,,,,,,,,false,608348,Carson Kelly,/api/v1/people/608348,592239,Todd Cunningham,/api/v1/people/592239,621550,Patrick Wisdom,/api/v1/people/621550,,,,,,,,,,,2017.0
"86",502128.0,"2017-03-31",1,"2017-03-31T01:17:57.000Z","2017-03-31T01:18:05.000Z",true,pitch,"05021286-0366-0013-000c-f08cd117d70a",1,"In play, no out",,,,,false,D,"rgba(26, 86, 190, 1.0)",true,false,false,D,Hit Into Play - No Out(s),0,0,,,,3.359,1.7,,132.03,100.58,ground_ball,medium,"3",151.88,167.74,,,,,,,,,"35",atBat,Field Error,field_error,Todd Cunningham reaches on a fielding error by first baseman Jose Martinez.   Luke Voit to 3rd.    Patrick Wisdom to 2nd.,0,8,0,35,bottom,4,"2017-03-31T01:14:52.000Z","2017-03-31T01:18:05.000Z",true,false,false,false,0,0,0,1,592239,Todd Cunningham,/api/v1/people/592239,L,Left,592815,Sam Tuivailala,/api/v1/people/592815,R,Right,vs_RHP,vs_LHB,Loaded,,Memphis Redbirds,11,Triple-A,138,St. Louis Cardinals,112,Pacific Coast League,St. Louis Cardinals,1,Major League Baseball,,,104,National League,Memphis Redbirds,St. Louis Cardinals,,,,,,,,,,,,,,,,,,,,,,,,,,,,,,,,,,,,false,592239,Todd Cunningham,/api/v1/people/592239,621550,Patrick Wisdom,/api/v1/people/621550,572228,Luke Voit,/api/v1/people/572228,,,,,,,,,,,2017.0
"87",502128.0,"2017-03-31",0,"2017-03-31T01:17:52.000Z","2017-03-31T01:17:57.000Z",false,action,,,Offensive Substitution: Pinch-hitter Todd Cunningham replaces Chad Huffman.,Offensive Substitution,8,0,false,false,,,,,,,,0,0,1,592239,/api/v1/people/592239,,,,,,,,,,,,offensive_substitution,,"11",Pinch Hitter,Hitter,PH,"601","35",atBat,Field Error,field_error,Todd Cunningham reaches on a fielding error by first baseman Jose Martinez.   Luke Voit to 3rd.    Patrick Wisdom to 2nd.,0,8,0,35,bottom,4,"2017-03-31T01:14:52.000Z","2017-03-31T01:18:05.000Z",true,false,false,false,0,0,0,1,592239,Todd Cunningham,/api/v1/people/592239,L,Left,592815,Sam Tuivailala,/api/v1/people/592815,R,Right,vs_RHP,vs_LHB,Loaded,,Memphis Redbirds,11,Triple-A,138,St. Louis Cardinals,112,Pacific Coast League,St. Louis Cardinals,1,Major League Baseball,,,104,National League,Memphis Redbirds,St. Louis Cardinals,,,,,,,,,,,,,,,,,,,,,,,,,,,,,,,,,,,,false,592239,Todd Cunningham,/api/v1/people/592239,,,,,,,,,,,,,,,,,2017.0
"88",502128.0,"2017-03-31",0,"2017-03-31T01:14:47.000Z","2017-03-31T01:14:51.000Z",true,pitch,"05021286-0356-0013-000c-f08cd117d70a",1,"In play, no out",,,,,false,D,"rgba(26, 86, 190, 1.0)",true,false,false,D,Hit Into Play - No Out(s),0,0,,,,3.359,1.7,,118.95,117.08,line_drive,medium,"7",62.32,93.92,,,,,,,,,"34",atBat,Single,single,Patrick Wisdom singles on a line drive to left fielder Matt Adams.   Luke Voit to 2nd.,0,8,0,34,bottom,4,"2017-03-31T01:13:39.000Z","2017-03-31T01:14:51.000Z",true,false,false,false,33,0,0,1,621550,Patrick Wisdom,/api/v1/people/621550,R,Right,592815,Sam Tuivailala,/api/v1/people/592815,R,Right,vs_RHP,vs_RHB,RISP,,Memphis Redbirds,11,Triple-A,138,St. Louis Cardinals,112,Pacific Coast League,St. Louis Cardinals,1,Major League Baseball,,,104,National League,Memphis Redbirds,St. Louis Cardinals,true,,,,,,,,,,,,,,,,,,,,,,,,,,,,,,,,,,,false,621550,Patrick Wisdom,/api/v1/people/621550,572228,Luke Voit,/api/v1/people/572228,,,,,,,,,,,,,,2017.0
"89",502128.0,"2017-03-31",3,"2017-03-31T01:13:37.000Z","2017-03-31T01:13:38.000Z",true,pitch,"05021286-0346-0043-000c-f08cd117d70a",4,Ball,,,,,false,B,"rgba(39, 161, 39, 1.0)",false,false,true,B,Ball - Called,4,0,,,,3.359,1.7,,37.07,47.4,,,,,,,,,,,,,,"33",atBat,Walk,walk,Luke Voit walks.,0,8,0,33,bottom,4,"2017-03-31T01:13:29.000Z","2017-03-31T01:13:38.000Z",true,false,false,false,0,4,0,1,572228,Luke Voit,/api/v1/people/572228,R,Right,592815,Sam Tuivailala,/api/v1/people/592815,R,Right,vs_RHP,vs_RHB,Men_On,,Memphis Redbirds,11,Triple-A,138,St. Louis Cardinals,112,Pacific Coast League,St. Louis Cardinals,1,Major League Baseball,,,104,National League,Memphis Redbirds,St. Louis Cardinals,true,,,,,,,,,,,,,,,,,,,,,,,,,,,,,,,,,,,false,572228,Luke Voit,/api/v1/people/572228,,,,,,,,,,,,,,,,,2017.0
"90",502128.0,"2017-03-31",2,"2017-03-31T01:13:35.000Z","2017-03-31T01:13:37.000Z",true,pitch,"05021286-0346-0033-000c-f08cd117d70a",3,Ball,,,,,false,B,"rgba(39, 161, 39, 1.0)",false,false,true,B,Ball - Called,3,0,,,,3.359,1.7,,72.89,48.01,,,,,,,,,,,,,,"33",atBat,Walk,walk,Luke Voit walks.,0,8,0,33,bottom,4,"2017-03-31T01:13:29.000Z","2017-03-31T01:13:38.000Z",true,false,false,false,0,4,0,1,572228,Luke Voit,/api/v1/people/572228,R,Right,592815,Sam Tuivailala,/api/v1/people/592815,R,Right,vs_RHP,vs_RHB,Men_On,,Memphis Redbirds,11,Triple-A,138,St. Louis Cardinals,112,Pacific Coast League,St. Louis Cardinals,1,Major League Baseball,,,104,National League,Memphis Redbirds,St. Louis Cardinals,false,,,,,,,,,,,,,,,,,,,,,,,,,,,,,,,,,,,false,572228,Luke Voit,/api/v1/people/572228,,,,,,,,,,,,,,,,,2017.0
"91",502128.0,"2017-03-31",1,"2017-03-31T01:13:34.000Z","2017-03-31T01:13:35.000Z",true,pitch,"05021286-0346-0023-000c-f08cd117d70a",2,Ball,,,,,false,B,"rgba(39, 161, 39, 1.0)",false,false,true,B,Ball - Called,2,0,,,,3.359,1.7,,66.07,54.73,,,,,,,,,,,,,,"33",atBat,Walk,walk,Luke Voit walks.,0,8,0,33,bottom,4,"2017-03-31T01:13:29.000Z","2017-03-31T01:13:38.000Z",true,false,false,false,0,4,0,1,572228,Luke Voit,/api/v1/people/572228,R,Right,592815,Sam Tuivailala,/api/v1/people/592815,R,Right,vs_RHP,vs_RHB,Men_On,,Memphis Redbirds,11,Triple-A,138,St. Louis Cardinals,112,Pacific Coast League,St. Louis Cardinals,1,Major League Baseball,,,104,National League,Memphis Redbirds,St. Louis Cardinals,false,,,,,,,,,,,,,,,,,,,,,,,,,,,,,,,,,,,false,572228,Luke Voit,/api/v1/people/572228,,,,,,,,,,,,,,,,,2017.0
"92",502128.0,"2017-03-31",0,"2017-03-31T01:13:32.000Z","2017-03-31T01:13:34.000Z",true,pitch,"05021286-0346-0013-000c-f08cd117d70a",1,Ball,,,,,false,B,"rgba(39, 161, 39, 1.0)",false,false,true,B,Ball - Called,1,0,,,,3.359,1.7,,127.48,89.58,,,,,,,,,,,,,,"33",atBat,Walk,walk,Luke Voit walks.,0,8,0,33,bottom,4,"2017-03-31T01:13:29.000Z","2017-03-31T01:13:38.000Z",true,false,false,false,0,4,0,1,572228,Luke Voit,/api/v1/people/572228,R,Right,592815,Sam Tuivailala,/api/v1/people/592815,R,Right,vs_RHP,vs_RHB,Men_On,,Memphis Redbirds,11,Triple-A,138,St. Louis Cardinals,112,Pacific Coast League,St. Louis Cardinals,1,Major League Baseball,,,104,National League,Memphis Redbirds,St. Louis Cardinals,false,,,,,,,,,,,,,,,,,,,,,,,,,,,,,,,,,,,false,572228,Luke Voit,/api/v1/people/572228,,,,,,,,,,,,,,,,,2017.0
"93",502128.0,"2017-03-31",4,"2017-03-31T01:13:25.000Z","2017-03-31T01:13:29.000Z",true,pitch,"05021286-0336-0013-000c-f08cd117d70a",1,"In play, out(s)",,,,,false,X,"rgba(26, 86, 190, 1.0)",true,false,false,X,Hit Into Play - Out(s),0,0,,,,3.359,1.7,,113.27,97.52,ground_ball,medium,"4",139.78,145.35,,,,,,,,,"32",atBat,Groundout,field_out,"Tommy Pham grounds out, second baseman Kolten Wong to first baseman Jose Martinez.",0,8,0,32,bottom,4,"2017-03-31T01:08:48.000Z","2017-03-31T01:13:29.000Z",true,false,false,true,0,0,0,1,502054,Tommy Pham,/api/v1/people/502054,R,Right,592815,Sam Tuivailala,/api/v1/people/592815,R,Right,vs_RHP,vs_RHB,Empty,,Memphis Redbirds,11,Triple-A,138,St. Louis Cardinals,112,Pacific Coast League,St. Louis Cardinals,1,Major League Baseball,,,104,National League,Memphis Redbirds,St. Louis Cardinals,,,,,,,,,,,,,,,,,,,,,,,,,,,,,,,,,,,,false,572228,Luke Voit,/api/v1/people/572228,,,,,,,,,,,,,,,,,2017.0
"94",502128.0,"2017-03-31",0,"2017-03-31T01:09:47.000Z","2017-03-31T01:11:00.000Z",false,action,,,Pitching Change: Sam Tuivailala replaces Brett Cecil.,Pitching Substitution,8,0,false,false,,,,,,,,0,0,0,592815,/api/v1/people/592815,,,,,,,,,,,,pitching_substitution,,"1",Pitcher,Pitcher,P,,"32",atBat,Groundout,field_out,"Tommy Pham grounds out, second baseman Kolten Wong to first baseman Jose Martinez.",0,8,0,32,bottom,4,"2017-03-31T01:08:48.000Z","2017-03-31T01:13:29.000Z",true,false,false,true,0,0,0,1,502054,Tommy Pham,/api/v1/people/502054,R,Right,592815,Sam Tuivailala,/api/v1/people/592815,R,Right,vs_RHP,vs_RHB,Empty,,Memphis Redbirds,11,Triple-A,138,St. Louis Cardinals,112,Pacific Coast League,St. Louis Cardinals,1,Major League Baseball,,,104,National League,Memphis Redbirds,St. Louis Cardinals,,,,,,,,,,,,,,,,,,,,,,,,,,,,,,,,,,,,false,572228,Luke Voit,/api/v1/people/572228,,,,,,,,,,,,,,,,,2017.0
"95",502128.0,"2017-03-31",1,"2017-03-31T01:11:00.000Z","2017-03-31T01:11:16.000Z",false,action,,,"Defensive Substitution: Jose Martinez replaces first baseman Matt Carpenter, batting 3rd, playing first base.",Defensive Sub,8,0,false,false,,,,,,,,0,0,0,500874,/api/v1/people/500874,,,,,,,,,,,,defensive_substitution,,"3",First Base,Infielder,"1B","301","32",atBat,Groundout,field_out,"Tommy Pham grounds out, second baseman Kolten Wong to first baseman Jose Martinez.",0,8,0,32,bottom,4,"2017-03-31T01:08:48.000Z","2017-03-31T01:13:29.000Z",true,false,false,true,0,0,0,1,502054,Tommy Pham,/api/v1/people/502054,R,Right,592815,Sam Tuivailala,/api/v1/people/592815,R,Right,vs_RHP,vs_RHB,Empty,,Memphis Redbirds,11,Triple-A,138,St. Louis Cardinals,112,Pacific Coast League,St. Louis Cardinals,1,Major League Baseball,,,104,National League,Memphis Redbirds,St. Louis Cardinals,,,,,,,,,,,,,,,,,,,,,,,,,,,,,,,,,,,,false,572228,Luke Voit,/api/v1/people/572228,,,,,,,,,,,,,,,,,2017.0
"96",502128.0,"2017-03-31",2,"2017-03-31T01:11:16.000Z","2017-03-31T01:11:27.000Z",false,action,,,"Defensive Substitution: Paul DeJong replaces shortstop Aledmys Diaz, batting 2nd, playing shortstop.",Defensive Sub,8,0,false,false,,,,,,,,0,0,0,657557,/api/v1/people/657557,,,,,,,,,,,,defensive_substitution,,"6",Shortstop,Infielder,SS,"201","32",atBat,Groundout,field_out,"Tommy Pham grounds out, second baseman Kolten Wong to first baseman Jose Martinez.",0,8,0,32,bottom,4,"2017-03-31T01:08:48.000Z","2017-03-31T01:13:29.000Z",true,false,false,true,0,0,0,1,502054,Tommy Pham,/api/v1/people/502054,R,Right,592815,Sam Tuivailala,/api/v1/people/592815,R,Right,vs_RHP,vs_RHB,Empty,,Memphis Redbirds,11,Triple-A,138,St. Louis Cardinals,112,Pacific Coast League,St. Louis Cardinals,1,Major League Baseball,,,104,National League,Memphis Redbirds,St. Louis Cardinals,,,,,,,,,,,,,,,,,,,,,,,,,,,,,,,,,,,,false,572228,Luke Voit,/api/v1/people/572228,,,,,,,,,,,,,,,,,2017.0
"97",502128.0,"2017-03-31",3,"2017-03-31T01:11:27.000Z","2017-03-31T01:13:25.000Z",false,action,,,"Defensive Substitution: Harrison Bader replaces center fielder Dexter Fowler, batting 1st, playing center field.",Defensive Sub,8,0,false,false,,,,,,,,0,0,0,664056,/api/v1/people/664056,,,,,,,,,,,,defensive_substitution,,"8",Outfielder,Outfielder,CF,"101","32",atBat,Groundout,field_out,"Tommy Pham grounds out, second baseman Kolten Wong to first baseman Jose Martinez.",0,8,0,32,bottom,4,"2017-03-31T01:08:48.000Z","2017-03-31T01:13:29.000Z",true,false,false,true,0,0,0,1,502054,Tommy Pham,/api/v1/people/502054,R,Right,592815,Sam Tuivailala,/api/v1/people/592815,R,Right,vs_RHP,vs_RHB,Empty,,Memphis Redbirds,11,Triple-A,138,St. Louis Cardinals,112,Pacific Coast League,St. Louis Cardinals,1,Major League Baseball,,,104,National League,Memphis Redbirds,St. Louis Cardinals,,,,,,,,,,,,,,,,,,,,,,,,,,,,,,,,,,,,false,572228,Luke Voit,/api/v1/people/572228,,,,,,,,,,,,,,,,,2017.0
"98",502128.0,"2017-03-31",0,"2017-03-31T01:08:44.000Z","2017-03-31T01:08:46.000Z",true,pitch,"05021286-0326-0013-000c-f08cd117d70a",1,"In play, out(s)",,,,,false,X,"rgba(26, 86, 190, 1.0)",true,false,false,X,Hit Into Play - Out(s),0,0,,,,3.359,1.7,,151.93,73.07,ground_ball,medium,"3",154.3,155.03,,,,,,,,,"31",atBat,Groundout,field_out,Matt Carpenter grounds out to first baseman Luke Voit.,0,8,0,31,top,4,"2017-03-31T01:08:41.000Z","2017-03-31T01:08:46.000Z",true,false,false,true,0,0,0,3,572761,Matt Carpenter,/api/v1/people/572761,L,Left,594577,Mike Mayers,/api/v1/people/594577,R,Right,vs_RHP,vs_LHB,Empty,,Memphis Redbirds,11,Triple-A,138,St. Louis Cardinals,112,Pacific Coast League,St. Louis Cardinals,1,Major League Baseball,,,104,National League,St. Louis Cardinals,Memphis Redbirds,true,,,,,,,,,,,,,,,,,,,,,,,,,,,,,,,,,,,true,572228,Luke Voit,/api/v1/people/572228,,,,,,,,,,,,,,,,,2017.0
